,price,brand,year,mileage
0,6300,toyota,2008,441054.25299999997
1,2899,ford,2011,306598.168
2,5350,dodge,2018,63700.31
3,25000,ford,2014,103210.914
4,27700,chevrolet,2018,10706.286
5,5700,dodge,2018,73307.649
6,7300,chevrolet,2010,239821.45
7,13350,gmc,2017,37851.725
8,14600,chevrolet,2018,15077.939
9,5250,ford,2017,102039.562
10,10400,dodge,2009,173540.304
11,12920,gmc,2017,63796.85
12,31900,chevrolet,2018,36860.581
13,5430,chrysler,2017,223087.85
14,20700,ford,2013,162118.013
15,12710,gmc,2017,41426.923
16,5200,kia,2018,74326.146
17,16500,buick,2018,32183.218
18,5210,ford,2017,57463.826
19,38100,ford,2013,87497.42
20,12520,gmc,2017,48453.426
21,7300,kia,2018,62466.207
22,15000,chevrolet,2015,99079.002
23,6180,ford,2017,74030.09
24,20800,ford,2013,169765.59
25,11900,gmc,2017,45116.36
26,21500,kia,2020,18424.659
27,12000,buick,2014,49941.751
28,4190,ford,2017,71075.966
29,13000,ford,2008,150760.082
30,12710,gmc,2017,42419.676
31,18500,infiniti,2016,115794.903
32,29800,chevrolet,1973,74377.634
33,5330,ford,2017,60807.328
34,13000,ford,2003,94636.553
35,11900,gmc,2017,44995.685
36,16600,mercedes-benz,2016,178449.363
37,19200,chevrolet,2018,3909.87
38,7320,ford,2017,52076.894
39,7000,ford,2003,284096.303
40,12710,gmc,2017,48348.841
41,16600,mercedes-benz,2016,157654.647
42,30500,chevrolet,2018,48981.178
43,6330,ford,2017,61339.907
44,55000,ford,2017,24574.257
45,12520,gmc,2017,46615.948
46,16200,jeep,2019,48368.149
47,19000,chevrolet,2017,29628.126
48,5580,dodge,2017,75347.861
49,54000,ford,2017,42221.769
50,12710,gmc,2017,64176.574
51,16000,jeep,2019,50834.746
52,27000,buick,2017,51660.163
53,7760,ford,2017,72073.546
54,19600,chrysler,2019,68620.632
55,12920,gmc,2017,63016.485
56,20000,jeep,2019,61713.195
57,18100,buick,2017,75246.494
58,23000,chrysler,2020,3979.057
59,18500,chrysler,2019,62084.873999999996
60,13490,gmc,2017,44797.778
61,20700,jeep,2019,50130.004
62,17800,chevrolet,2017,84367.915
63,6650,ford,2017,48176.678
64,29100,chrysler,2019,40677.129
65,12710,gmc,2017,52298.936
66,21100,jeep,2019,46096.241
67,18600,chevrolet,2017,56636.8
68,4340,ford,2017,41193.618
69,19300,chrysler,2019,55994.809
70,12780,gmc,2017,49893.481
71,15800,jeep,2019,57272.354999999996
72,29400,bmw,2017,38237.885
73,4430,ford,2017,51153.328
74,19400,chrysler,2019,53314.215
75,12520,gmc,2017,49293.324
76,15900,jeep,2019,55513.718
77,26400,buick,2017,40923.306
78,4140,ford,2017,59101.788
79,18300,chrysler,2019,67243.328
80,12520,gmc,2017,51475.128
81,17900,jeep,2019,52294.109
82,18300,chevrolet,2017,45687.555
83,4640,ford,2017,58147.651
84,24000,ford,2016,135820.517
85,13200,gmc,2017,53832.313
86,18000,jeep,2019,47055.205
87,14900,chevrolet,2017,20567.847
88,4140,ford,2017,28345.753
89,11500,ford,2016,59299.695
90,9110,ford,2017,177498.444
91,7350,chrysler,2015,141957.243
92,24500,bmw,2017,28360.234
93,9300,ford,2017,193647.97699999998
94,39800,dodge,2015,5858.369
95,53500,bmw,2017,47232.195
96,15110,ford,2017,63286.797
97,34000,ford,2015,69074.37
98,26502,chevrolet,2017,40213.737
99,5990,ford,2017,72290.761
100,13600,ford,2018,27306.339
101,23605,cadillac,2017,57277.182
102,10780,ford,2017,65092.095
103,13800,ford,2018,37270.876
104,25201,cadillac,2017,30588.699
105,7070,ford,2017,72712.319
106,8700,ford,2018,34440.645
107,18003,chevrolet,2017,30759.253
108,8530,ford,2017,67745.336
109,23100,dodge,2018,79639.064
110,24500,cadillac,2017,52160.562
111,7000,ford,2017,48080.138
112,17000,ford,2018,56023.771
113,34002,chevrolet,2017,51364.106999999996
114,6980,ford,2017,46931.312
115,25000,dodge,2018,45545.962999999996
116,20802,chevrolet,2017,54369.719
117,9200,ford,2017,35027.93
118,26500,chrysler,2017,29565.375
119,24802,chevrolet,2017,22780.222
120,7070,ford,2017,48781.662
121,28500,ford,2017,77370.374
122,47500,cadillac,2017,42738.258
123,23500,ford,2017,92696.099
124,23505,chevrolet,2017,76197.413
125,10940,ford,2017,136629.844
126,32100,ford,2017,39454.289
127,53000,chevrolet,2018,25912.945
128,6830,ford,2017,57743.792
129,11900,dodge,2017,95795.033
130,26414,chevrolet,2017,88852.198
131,4160,dodge,2018,52887.83
132,19405,chevrolet,2017,63856.383
133,5690,dodge,2018,75759.765
134,25900,chrysler,2017,51848.416
135,24005,chevrolet,2017,82530.437
136,5090,dodge,2018,69169.30099999999
137,19500,chrysler,2017,50379.399
138,32012,chevrolet,2017,74160.419
139,6800,dodge,2016,78894.097
140,4260,dodge,2018,54636.813
141,0,dodge,2008,286318.332
142,31802,chevrolet,2017,31930.605
143,7210,dodge,2018,62606.19
144,0,dodge,2014,198968.94
145,28402,chevrolet,2017,50255.506
146,6800,dodge,2018,59158.103
147,33300,cadillac,2015,93212.588
148,10780,dodge,2018,31246.78
149,6700,ford,2014,328485.395
150,20000,chevrolet,2016,150430.237
151,6440,chrysler,2018,33695.678
152,19900,ford,2016,139703.03399999999
153,37000,chevrolet,2015,73671.283
154,4040,dodge,2018,81680.885
155,22300,ford,2016,101003.366
156,31200,chevrolet,2011,122808.534
157,4290,dodge,2018,62797.661
158,22800,ford,2016,117271.965
159,19002,cadillac,2016,74765.403
160,4160,dodge,2018,10849.487
161,18500,ford,2016,53924.026
162,39000,bmw,2016,64226.453
163,6060,dodge,2018,52298.936
164,28800,ford,2016,124919.542
165,40000,bmw,2016,51048.743
166,6140,dodge,2018,85222.294
167,21000,ford,2016,38868.613
168,20105,buick,2016,82691.337
169,6760,dodge,2018,57056.748999999996
170,25800,ford,2014,75711.495
171,39000,bmw,2016,53273.99
172,5470,dodge,2018,63911.089
173,14600,ford,2014,121938.065
174,24502,chevrolet,2016,54101.015999999996
175,15110,ford,2017,68043.001
176,7900,ford,2014,127789.99799999999
177,27305,chevrolet,2016,46409.996
178,15290,ford,2017,107130.438
179,26500,ford,2015,98850.524
180,25502,chevrolet,2016,93809.527
181,7320,ford,2017,89489.362
182,3800,chevrolet,2009,420991.632
183,24502,chevrolet,2016,53169.405
184,4140,ford,2017,65561.923
185,1400,dodge,2002,298405.14
186,18402,cadillac,2016,42907.203
187,4160,ford,2017,59816.184
188,175,chrysler,2000,372065.16
189,24503,chevrolet,2016,28971.654
190,15840,ford,2017,116564.005
191,20500,ford,2014,198478.195
192,21003,chevrolet,2016,70982.644
193,4200,ford,2017,96892.371
194,17400,ford,2011,217338.893
195,32001,chevrolet,2016,51581.322
196,0,ford,2017,123664.522
197,15700,ford,2011,498088.476
198,31009,chevrolet,2016,54590.152
199,3740,ford,2017,145804.362
200,5000,dodge,2001,175960.24
201,31002,chevrolet,2016,115540.681
202,3160,ford,2017,50784.867
203,8600,dodge,2005,353695.207
204,6000,chevrolet,2018,67722.81
205,12990,ford,2017,203575.507
206,25,chevrolet,2020,11636.288
207,13200,buick,2017,96815.139
208,4410,ford,2017,337753.235
209,25,chrysler,2005,244270.335
210,22500,chevrolet,2020,22246.034
211,7420,ford,2017,89869.086
212,13500,ford,2016,73623.013
213,15500,chevrolet,2020,26620.905
214,3540,ford,2017,181644.837
215,17000,ford,2016,204024.418
216,45500,chevrolet,2020,21404.527
217,4130,ford,2017,54804.149
218,15700,ford,2015,113033.859
219,45500,chevrolet,2020,22009.511
220,4130,ford,2017,68263.434
221,15500,dodge,2012,106921.268
222,16300,chevrolet,2020,29317.589
223,4530,ford,2017,66701.095
224,15600,dodge,2011,56757.475
225,45500,chevrolet,2020,22340.965
226,4100,ford,2017,62453.335
227,18200,dodge,2011,261110.129
228,10200,chevrolet,2013,90874.711
229,4080,ford,2017,98192.443
230,5700,ford,2014,287533.127
231,10200,chevrolet,2014,279111.621
232,5000,ford,2017,60049.489
233,1700,ford,2014,181477.501
234,6200,bmw,2011,129353.946
235,3650,ford,2016,109640.478
236,10500,dodge,2014,119392.627
237,43500,chevrolet,2018,92684.836
238,4610,dodge,2016,140351.461
239,3450,ford,2012,145953.999
240,38500,chevrolet,2018,17916.215
241,6810,ford,2016,107450.629
242,2900,ford,2011,307309.346
243,43500,chevrolet,2018,90115.263
244,4450,ford,2016,52269.974
245,5800,ford,2011,315215.972
246,16500,chevrolet,2018,28994.18
247,4240,dodge,2016,133968.558
248,26500,ford,2008,99782.135
249,13700,chevrolet,2017,58601.389
250,8600,ford,2016,117973.489
251,8000,ford,2008,212997.811
252,14200,chevrolet,2017,45072.917
253,7040,ford,2016,53565.219
254,4700,ford,2005,362404.724
255,30851,chevrolet,2016,69470.184
256,4880,ford,2016,59333.484
257,14500,dodge,2006,179857.238
258,7600,chevrolet,2017,177776.801
259,13270,ford,2016,135212.315
260,12800,ford,2012,210941.509
261,33000,chevrolet,2018,84506.289
262,9280,ford,2016,163120.42
263,900,ford,2003,228521.443
264,7560,ford,2016,179364.884
265,19500,ford,2011,123727.273
266,17100,chevrolet,2019,25390.02
267,8020,ford,2016,51397.896
268,10300,ford,2019,30469.632999999998
269,22600,chevrolet,2019,15616.954
270,10480,ford,2016,92178.001
271,10300,ford,2019,32109.203999999998
272,22700,chevrolet,2019,9774.675
273,7410,ford,2016,33843.706
274,10300,ford,2019,36815.529
275,10300,chevrolet,2013,269668.4
276,7570,ford,2016,59938.468
277,67000,dodge,2019,17608.896
278,18900,chevrolet,2019,44410.009
279,12560,ford,2019,25676.422
280,33000,dodge,2019,51891.859
281,18300,chevrolet,2019,41526.681
282,11760,ford,2017,49159.777
283,31700,dodge,2019,42717.341
284,25,dodge,2007,258289.552
285,0,ford,2000,201075.12099999998
286,7340,ford,2019,25509.086
287,8200,hyundai,2017,91214.21
288,3000,kia,2013,156301.478
289,6530,jeep,2019,16387.665
290,0,mazda,2009,189123.469
291,12700,kia,2019,37834.026
292,13800,kia,2017,139917.031
293,0,chevrolet,1998,416137.279
294,725,ford,2017,108251.911
295,7400,ford,2019,26519.538
296,9800,hyundai,2017,57420.383
297,0,honda,2003,245546.272
298,4400,jeep,2019,28818.799
299,10330,infiniti,2019,34236.302
300,1800,chevrolet,2011,76055.821
301,50,chevrolet,2008,276912.118
302,720,ford,2006,43304.626
303,22800,ford,2017,108152.153
304,2500,ford,2017,126625.082
305,0,ford,2003,395918.585
306,9190,gmc,2017,67515.249
307,10900,jeep,2019,21356.257
308,10400,infiniti,2019,51026.217
309,0,chevrolet,2004,0.0
310,0,chevrolet,2003,313228.857
311,7320,chevrolet,2008,523908.099
312,22809,ford,2017,81627.788
313,0,ford,1998,300649.695
314,0,ford,2013,151252.436
315,5520,gmc,2017,85122.536
316,10900,jeep,2019,22839.755
317,6330,jeep,2019,70739.685
318,0,chevrolet,2009,188347.931
319,25,chevrolet,2010,240045.101
320,2320,dodge,2007,180500.838
321,23702,ford,2017,78879.616
322,0,ford,1994,0.0
323,0,ford,1997,327104.873
324,5520,gmc,2017,57635.989
325,4050,heartland,2018,1.609
326,14810,infiniti,2019,52471.099
327,25,chevrolet,2011,169337.596
328,2960,chrysler,2008,263953.232
329,24800,ford,2017,75550.595
330,0,ford,1996,477647.74
331,0,ford,2006,326881.222
332,6270,gmc,2017,113342.787
333,1880,heartland,2012,1.609
334,10050,infiniti,2019,29330.461
335,225,chevrolet,2014,141065.857
336,26900,chevrolet,2018,69092.069
337,1420,chrysler,2007,167987.645
338,27003,ford,2017,92012.274
339,0,ford,2002,345613.2
340,350,ford,2004,381300.82
341,5600,gmc,2017,96231.072
342,6680,heartland,2011,1.609
343,10120,infiniti,2019,33275.729
344,0,chevrolet,2010,221111.998
345,3920,ford,2015,165244.3
346,23100,ford,2017,85711.43
347,0,gmc,2004,378674.932
348,5630,gmc,2017,43756.755
349,0,heartland,2009,1.609
350,2800,jaguar,2019,33546.041
351,0,chevrolet,2008,256258.994
352,8850,ford,2015,231403.162
353,18712,ford,2017,108361.323
354,0,ford,2009,290205.676
355,0,ford,2009,297486.401
356,6300,gmc,2017,188896.6
357,2220,heartland,2010,1.609
358,6930,jeep,2019,76906.982
359,25,chevrolet,2008,210172.407
360,3440,ford,2015,200388.078
361,50412,ford,2017,75830.561
362,25,ford,1994,331714.658
363,950,ford,2001,369886.574
364,9270,gmc,2017,31359.41
365,11380,jeep,2019,19369.142
366,5350,hyundai,2019,70049.424
367,2725,chevrolet,2004,496297.659
368,3790,ford,2015,162336.837
369,40514,ford,2017,145299.136
370,0,ford,1997,236381.408
371,0,ford,1998,211369.503
372,9190,gmc,2017,50512.945999999996
373,10330,infiniti,2019,41726.197
374,1000,acura,2008,190264.25
375,2925,bmw,2013,74110.54
376,3830,ford,2015,81404.137
377,43402,ford,2017,100380.683
378,1025,gmc,2009,272941.10599999997
379,17200,honda,2016,116695.943
380,54680,harley-davidson,2016,15288.718
381,6940,honda,2010,349619.61
382,13080,infiniti,2019,27743.987
383,25,chevrolet,2007,313598.927
384,10630,ford,2015,133384.491
385,43009,ford,2017,122956.562
386,25,gmc,2003,222751.569
387,4600,ford,2006,387350.66
388,4950,honda,2016,114889.036
389,3760,hyundai,2019,48884.638
390,3900,acura,2009,288636.901
391,0,cadillac,2000,169216.921
392,3830,ford,2015,132797.206
393,53500,ford,2017,89672.788
394,25,ford,2010,319540.964
395,25,ford,1998,482733.789
396,6240,honda,2015,134549.407
397,4150,jeep,2014,175212.055
398,25,jeep,1999,365197.948
399,61200,bmw,2020,12081.981
400,0,buick,2006,221179.576
401,13500,bmw,2014,53969.078
402,6490,ford,2015,120279.186
403,51502,ford,2017,44506.549
404,250,ford,2010,185422.769
405,25,ford,1984,66897.393
406,8160,honda,2015,175424.443
407,7770,jeep,2014,117025.788
408,200,jeep,2001,203377.6
409,25,audi,2008,285471.998
410,0,chevrolet,1995,442001.95399999997
411,1825,bmw,2008,125476.256
412,39800,bmw,2017,37291.793
413,9210,ford,2015,43299.799
414,58500,ford,2019,34636.943
415,125,ford,2014,90845.749
416,3960,honda,2015,153060.952
417,5998,hyundai,2014,197866.775
418,3700,honda,2014,261983.816
419,0,kia,2008,238876.967
420,0,audi,2005,292670.664
421,0,bmw,2000,348601.113
422,5000,gmc,2012,225805.451
423,15050,infiniti,2019,43098.674
424,3960,hyundai,2019,57317.407
425,36300,lincoln,2019,23396.469
426,55600,lexus,2020,13171.274
427,2630,nissan,2018,59113.051
428,5690,nissan,2017,68569.144
429,19500,audi,2017,105925.297
430,450,chevrolet,2008,198735.635
431,20400,cadillac,2015,58120.298
432,4320,chevrolet,2011,142169.631
433,33001,ford,2017,57771.145
434,10000,ford,2017,57516.923
435,0,ford,2004,268720.699
436,5790,gmc,2012,168977.18
437,14750,infiniti,2019,17774.623
438,4010,hyundai,2019,50253.897
439,40000,mercedes-benz,2019,31258.043
440,13000,kia,2017,115833.519
441,3550,nissan,2018,46730.187
442,3040,nissan,2017,58026.976
443,0,chevrolet,2008,434558.72
444,36400,audi,2015,75965.717
445,4480,ford,2011,187416.32
446,31003,ford,2017,115983.156
447,75,ford,2001,475910.02
448,8850,gmc,2011,238188.315
449,14750,infiniti,2019,18336.164
450,4690,hyundai,2019,54360.065
451,23000,land,2018,32345.727
452,46900,land,2018,52110.683
453,10740,mercedes-benz,2018,77457.26
454,3160,nissan,2017,56091.349
455,0,chevrolet,2006,431276.36
456,3450,chrysler,2011,183617.471
457,27102,ford,2017,54971.485
458,500,gmc,2018,44154.178
459,5100,gmc,2011,232970.328
460,15010,infiniti,2019,18332.946
461,5800,jeep,2019,49148.514
462,23200,land,2018,38205.705
463,8000,hyundai,2015,142032.866
464,3390,nissan,2018,61703.541
465,3140,nissan,2017,48498.478
466,25,chevrolet,2007,430944.906
467,15000,bmw,2014,71970.56999999999
468,10440,chevrolet,2011,148793.884
469,23911,ford,2017,41348.082
470,25,ford,2010,249784.378
471,21400,gmc,2018,87420.188
472,5380,gmc,2011,191816.935
473,11000,jeep,2019,14368.369999999999
474,4950,jeep,2019,75598.865
475,22500,land,2018,48623.98
476,30300,maserati,2017,59566.789
477,2630,nissan,2018,69431.568
478,3140,nissan,2017,55217.662
479,2300,chevrolet,2011,142053.783
480,4310,chevrolet,2011,169726.974
481,26012,ford,2017,31938.65
482,75,ford,2014,187504.815
483,48500,gmc,2019,25385.193
484,3330,gmc,2009,140703.832
485,11200,jeep,2019,13507.555
486,4730,hyundai,2019,48464.689
487,24900,mercedes-benz,2018,54202.383
488,29400,mercedes-benz,2017,60435.649
489,8350,nissan,2018,51899.904
490,475,peterbilt,2012,1451383.969
491,3210,nissan,2017,40635.295
492,25,chevrolet,2006,266011.143
493,4200,chevrolet,2006,189876.481
494,8430,chevrolet,2011,184306.123
495,25503,ford,2017,30003.023
496,0,ford,1996,406414.092
497,26000,gmc,2019,26820.421
498,3900,honda,2017,77183.73
499,11200,jeep,2019,20764.145
500,8610,jeep,2019,35595.907
501,28000,mercedes-benz,2018,65615.02
502,84900,mercedes-benz,2017,40710.918
503,10840,lexus,2017,58882.964
504,100,peterbilt,2012,0.0
505,11050,ram,2017,48947.389
506,0,chevrolet,2012,217115.242
507,1000,chevrolet,2005,218301.075
508,3570,dodge,2015,27924.195
509,25001,ford,2017,44686.757
510,0,ford,2010,139727.169
511,5630,gmc,2017,93910.894
512,11100,jeep,2019,18067.461
513,4650,hyundai,2019,44234.628
514,0,lincoln,2005,144335.345
515,3820,nissan,2016,67021.286
516,0,peterbilt,2009,1580819.974
517,2900,nissan,2017,51413.986
518,50,chevrolet,2008,276912.118
519,5100,chevrolet,2004,278873.489
520,4700,dodge,2015,150317.607
521,29502,ford,2017,22611.277
522,0,ford,2008,234082.147
523,6160,honda,2017,41763.204
524,10910,jeep,2019,19715.077
525,3440,hyundai,2019,56146.055
526,16000,mazda,2016,76834.577
527,3810,kia,2016,63407.472
528,1025,peterbilt,2010,1637859.024
529,3020,nissan,2017,54060.791
530,0,chevrolet,2003,313228.857
531,2000,chevrolet,2003,817347.865
532,3870,ford,2010,299246.647
533,24811,ford,2017,45798.576
534,75,ford,2007,249377.301
535,5420,honda,2017,26873.518
536,11100,jeep,2019,18421.441
537,4750,hyundai,2019,41587.823
538,17900,mercedes-benz,2015,80083.148
539,3800,nissan,2015,135019.235
540,3160,nissan,2017,64852.354
541,25,chevrolet,2010,240045.101
542,1200,chevrolet,2001,240614.687
543,6470,chevrolet,2010,112021.798
544,26400,ford,2017,58398.655
546,32500,gmc,2018,23903.304
547,6900,honda,2017,71003.561
548,11030,jeep,2019,17475.349
549,3460,hyundai,2012,228648.554
550,18000,mercedes-benz,2015,132599.299
551,3250,hyundai,2015,179583.70799999998
552,3210,nissan,2017,56718.859
553,13200,chevrolet,2017,81106.472
554,27705,ford,2019,25148.67
555,7200,chevrolet,2017,85716.257
556,28714,ford,2019,23790.674
557,11200,chevrolet,2017,137271.835
558,27502,ford,2019,25978.914
559,11900,chevrolet,2017,122623.499
560,29314,ford,2019,24561.385
561,11200,chevrolet,2017,128663.685
562,27002,ford,2019,25838.931
563,13200,chevrolet,2017,100947.05099999999
564,28214,ford,2019,25050.521
565,12700,chevrolet,2017,94821.588
566,29900,ford,2019,28138.192
567,12700,chevrolet,2017,97719.397
568,27202,ford,2019,29846.95
569,13500,chevrolet,2018,85589.146
570,27705,ford,2019,28389.196
571,14700,chevrolet,2016,55436.486
572,29900,ford,2019,28453.556
573,4500,chevrolet,2015,133995.911
574,27705,ford,2019,26709.4
575,8000,chevrolet,2015,173725.339
576,25511,ford,2019,28641.809
577,7700,chevrolet,2015,151487.35
578,29900,ford,2019,27608.831
579,7200,chevrolet,2015,129863.999
580,27502,ford,2019,28934.647
581,4500,chevrolet,2013,193049.429
582,27402,ford,2019,28722.259
583,1500,chevrolet,2013,106321.111
584,26602,ford,2019,29241.966
585,10200,chevrolet,2019,12315.286
586,29900,ford,2019,30183.231
587,14000,chevrolet,2019,18606.476
588,28500,ford,2019,30411.709
589,8000,chevrolet,2016,139244.469
590,29809,ford,2019,34041.613
591,36900,chevrolet,2015,48168.633
592,26902,ford,2019,38558.076
593,10950,chevrolet,2015,94132.936
594,27402,ford,2019,32427.786
595,16900,acura,2014,102171.5
596,25600,ford,2019,37480.046
597,29700,bmw,2016,39087.437
598,27702,ford,2019,32731.887
599,13500,buick,2016,31624.895
600,27102,ford,2019,30731.9
601,27102,ford,2019,32202.525999999998
602,25811,ford,2019,35034.366
603,26602,ford,2019,34112.409
604,27102,ford,2019,35021.494
605,37500,buick,2019,19961.254
606,26211,ford,2019,28924.993
607,24205,ford,2019,36693.245
608,37500,cadillac,2019,25764.917
609,27111,ford,2019,23140.638
610,27411,ford,2019,15542.94
611,27302,ford,2019,30521.121
612,27202,ford,2019,39790.57
613,26311,ford,2019,25497.823
614,26602,ford,2019,40239.481
615,33500,bmw,2017,35583.034999999996
616,27511,ford,2019,19044.124
617,21500,buick,2017,38237.885
618,27200,ford,2019,41042.372
619,26511,ford,2019,29277.364
620,24002,ford,2019,25914.554
621,21500,buick,2017,23985.363
622,18511,ford,2019,20490.615
623,14000,kia,2017,85959.216
624,29000,buick,2017,28865.46
625,23402,ford,2019,28023.953
626,13300,kia,2017,59734.125
627,19700,bmw,2017,98837.652
628,23211,ford,2019,27393.225
629,15500,kia,2017,60607.812
630,18111,ford,2019,25430.245
631,21500,kia,2017,70411.449
632,25511,ford,2019,18249.278
633,17700,chevrolet,2017,57383.376
634,28000,chevrolet,2017,20563.02
635,14000,chevrolet,2017,61878.922
636,21700,chevrolet,2017,55381.78
637,13500,chevrolet,2017,74813.673
638,35500,chevrolet,2017,34220.212
639,29500,chevrolet,2017,49925.661
640,25300,chevrolet,2017,65772.702
641,21500,chevrolet,2016,32614.43
642,25900,chevrolet,2016,53071.256
643,35300,chevrolet,2016,121489.154
644,13500,chevrolet,2016,64281.159
645,62000,chevrolet,2016,31219.427
646,46000,chevrolet,2016,7152.005
647,9000,chevrolet,2016,108650.943
648,25900,chevrolet,2016,54043.092
649,25800,chevrolet,2016,16255.726999999999
650,17000,chevrolet,2016,42596.666
651,12800,chevrolet,2016,64767.077
652,47400,chevrolet,2016,63755.015999999996
653,24400,chevrolet,2016,78366.345
654,17100,chevrolet,2016,31631.331
655,7400,chevrolet,2015,146900.091
656,33100,chevrolet,2015,131316.926
657,22000,chevrolet,2020,288.011
658,35000,chevrolet,2019,8886.507
659,16500,chevrolet,2019,48014.169
660,35300,chevrolet,2019,13702.244
661,26900,chevrolet,2018,69092.069
662,11600,chevrolet,2017,44244.282
663,28100,chevrolet,2017,50105.869
664,27700,chevrolet,2017,33441.456
665,17700,chevrolet,2017,84741.203
666,16600,chevrolet,2017,41838.827
667,63200,chevrolet,2016,6863.994
668,36800,chevrolet,2015,52022.188
669,19500,chevrolet,2018,71331.797
670,38800,chevrolet,2019,58242.582
671,37500,chevrolet,2019,53629.579
672,35000,chevrolet,2019,69318.938
673,31100,chevrolet,2019,39518.649
674,22600,chevrolet,2019,21697.365
675,22400,chevrolet,2019,24978.115999999998
676,22700,chevrolet,2019,14474.564
677,13700,chevrolet,2019,76076.738
678,37100,chevrolet,2019,55462.229999999996
679,18500,chevrolet,2018,140407.776
680,18300,chevrolet,2017,183979.49599999998
681,19000,chevrolet,2017,179620.715
682,18500,chevrolet,2017,167263.595
683,22500,chevrolet,2016,107223.76
684,14500,chevrolet,2014,196326.962
685,32800,chevrolet,2018,75486.235
686,12300,chevrolet,2018,86240.791
687,19600,chevrolet,2018,67050.24799999999
688,13600,chevrolet,2018,57999.623
689,7200,chevrolet,2018,68480.649
690,19900,chevrolet,2018,64915.104999999996
691,13000,chevrolet,2018,67177.359
692,19700,chevrolet,2016,44397.137
693,9400,chevrolet,2017,38630.481
694,23800,chevrolet,2017,137886.473
695,17700,chevrolet,2019,40583.807
696,17000,chevrolet,2015,44934.543
697,14000,chevrolet,2014,217419.343
698,32100,chevrolet,2018,89350.988
699,33100,chevrolet,2019,116124.74799999999
700,31600,chevrolet,2018,92921.359
701,5100,chevrolet,2013,154969.226
702,4100,chevrolet,2013,143445.568
703,7200,chevrolet,2014,184487.94
704,12800,chevrolet,2014,285311.098
705,46800,chevrolet,2019,58604.606999999996
706,21800,chevrolet,2019,38228.231
707,3000,chevrolet,2013,194153.203
708,22500,chevrolet,2017,105138.496
709,35300,chevrolet,2018,82617.323
710,16500,chevrolet,2017,84186.098
711,33000,chevrolet,2017,108800.58
712,31500,chevrolet,2017,96483.685
713,34500,chevrolet,2017,46241.051
714,8000,chevrolet,2016,124583.261
715,25000,chevrolet,2017,33542.823
716,10700,chevrolet,2016,71246.52
717,13400,chevrolet,2016,138423.879
718,16500,chevrolet,2019,12263.798
719,34000,chevrolet,2019,12979.803
720,14100,chevrolet,2018,26551.718
721,38600,chevrolet,2019,33275.729
722,9100,chevrolet,2016,87939.895
723,8600,chevrolet,2016,93040.425
724,22000,chevrolet,2016,94699.304
725,8900,chevrolet,2015,136880.848
726,15500,chevrolet,2015,127925.154
727,3300,chevrolet,2015,137249.309
728,29000,chevrolet,2015,111627.593
729,17300,chevrolet,2020,25063.393
730,30500,chevrolet,2020,37763.23
731,25000,chevrolet,2020,30112.435
732,2800,chevrolet,2012,98564.122
733,3300,chevrolet,2012,212051.719
734,36400,chevrolet,2019,57449.345
735,34800,chevrolet,2019,78812.038
736,20700,chevrolet,2019,54295.705
737,32200,chevrolet,2019,68007.603
738,35300,chevrolet,2019,75402.567
739,33500,chevrolet,2019,58636.787
740,13700,chevrolet,2019,24036.851
741,15900,chevrolet,2019,35439.834
742,33200,chevrolet,2019,61589.301999999996
743,35500,chevrolet,2019,74253.741
744,29800,chevrolet,2018,77919.043
745,29800,chevrolet,2018,78530.463
746,29500,chevrolet,2018,84662.362
747,30300,chevrolet,2018,74808.846
748,24300,chevrolet,2018,90580.264
749,29800,chevrolet,2017,54559.581
750,29800,chevrolet,2017,53142.051999999996
751,27500,chevrolet,2016,71846.677
752,10800,chevrolet,2017,129550.244
753,11500,chevrolet,2017,169187.959
754,10400,chevrolet,2017,126094.112
755,11400,chevrolet,2018,127040.204
756,11400,chevrolet,2018,142499.476
757,8000,chevrolet,2015,126789.2
758,3000,chevrolet,2012,179976.304
759,25000,chevrolet,2015,130242.114
760,12300,chevrolet,2017,133817.312
761,14100,chevrolet,2017,94297.054
762,9000,chevrolet,2014,131970.18
763,4200,chevrolet,2014,164922.5
764,22500,chevrolet,2019,13113.35
765,22600,chevrolet,2019,9909.831
766,22600,chevrolet,2019,9554.242
767,22500,chevrolet,2019,14511.571
768,10200,chevrolet,2018,73750.124
769,42700,chevrolet,2016,96885.935
770,21200,chevrolet,2015,201940.763
771,22700,chevrolet,2016,146328.896
772,22000,chevrolet,2015,133201.065
773,9600,chevrolet,2014,242194.725
774,10500,chevrolet,2013,180637.603
775,6700,chevrolet,2013,224284.946
776,14200,chevrolet,2013,132811.687
777,15500,chevrolet,2019,21772.988
778,35100,chevrolet,2018,23734.359
779,26300,chevrolet,2018,17940.35
780,15700,chevrolet,2016,146818.032
781,17600,chevrolet,2016,105125.624
782,18600,chevrolet,2016,78799.166
783,19100,chevrolet,2016,64377.699
784,15200,chevrolet,2019,60247.396
785,16100,chevrolet,2019,69507.191
786,14800,chevrolet,2019,70134.701
787,16700,chevrolet,2019,52887.83
788,15300,chevrolet,2019,62471.034
789,16500,chevrolet,2019,54286.051
790,19600,chevrolet,2019,56812.181
791,15200,chevrolet,2019,51887.032
792,15000,chevrolet,2019,58189.485
793,15500,chevrolet,2019,48144.498
794,15700,chevrolet,2019,43198.432
795,14800,chevrolet,2019,66231.26699999999
796,9200,chevrolet,2017,52865.304
797,8200,chevrolet,2017,161406.835
798,11400,chevrolet,2013,147445.542
799,6500,chevrolet,2015,133825.357
800,11500,chevrolet,2014,151818.804
801,23800,chevrolet,2015,138039.328
802,8900,chevrolet,2014,207670.412
803,28300,chevrolet,2019,44512.985
804,27300,chevrolet,2019,40912.043
805,3500,chevrolet,2013,125820.582
806,28300,chevrolet,2020,22342.574
807,18300,chevrolet,2019,55571.642
808,22500,dodge,2018,33105.175
809,22500,dodge,2018,41875.834
810,8300,dodge,2012,159315.135
811,16500,dodge,2019,43969.143
812,14500,dodge,2019,48638.461
813,30000,dodge,2019,69660.046
814,30000,dodge,2019,87383.181
815,30000,dodge,2019,84990.598
816,30000,dodge,2019,73296.386
817,30000,dodge,2019,60398.642
818,29500,dodge,2019,56561.176999999996
819,21600,dodge,2019,38266.847
820,22600,dodge,2019,49491.231
821,16300,dodge,2019,62625.498
822,8600,dodge,2012,266830.124
823,28800,dodge,2019,30949.114999999998
824,22100,dodge,2019,15197.005
825,14300,dodge,2018,30834.876
826,13700,dodge,2018,87056.554
827,29500,dodge,2017,51570.059
828,18500,dodge,2017,23925.829999999998
829,19000,dodge,2016,51961.046
830,43400,dodge,2015,11665.25
831,46000,dodge,2015,16323.305
832,12500,dodge,2018,96417.716
833,13900,dodge,2017,34278.136
834,13000,dodge,2018,83795.111
835,13000,dodge,2018,88430.64
836,3000,dodge,2013,128879.291
837,17500,dodge,2019,38595.083
838,7900,dodge,2017,135387.696
839,8900,dodge,2014,137793.151
840,11500,dodge,2018,80760.537
841,6500,dodge,2017,119696.728
842,8000,dodge,2017,122472.253
843,18700,dodge,2018,58500.022
844,8350,dodge,2017,145912.165
845,27900,dodge,2017,87112.869
846,14500,dodge,2016,132324.16
847,6200,dodge,2016,106462.703
848,7500,dodge,2012,232049.98
849,20200,dodge,2019,39777.698
850,29300,dodge,2019,66287.582
851,31000,dodge,2019,42401.977
852,32400,dodge,2019,45502.52
853,5800,dodge,2012,209363.08
854,21500,dodge,2019,24682.06
855,23100,dodge,2018,19734.385
856,4500,dodge,2014,152649.048
857,24800,dodge,2018,28875.114
858,23000,dodge,2018,43436.564
859,26900,dodge,2019,9291.975
860,21500,dodge,2018,10857.532
861,15700,dodge,2018,61347.952
862,15200,dodge,2018,66992.324
863,23300,dodge,2018,8622.631
864,6100,dodge,2015,113106.264
865,20000,dodge,2017,18255.714
866,53000,dodge,2017,11930.735
867,3000,dodge,2013,173117.137
868,18200,dodge,2016,81478.151
869,21800,dodge,2019,10506.77
870,52000,dodge,2016,28048.088
871,19000,dodge,2019,31594.324
872,25000,dodge,2016,67172.532
873,36000,dodge,2016,21177.658
874,17000,dodge,2019,52995.633
875,25300,dodge,2015,37159.855
876,14900,dodge,2017,55401.087999999996
877,15000,dodge,2017,77492.658
878,12995,dodge,2014,109910.79
879,17750,dodge,2014,77232.0
880,10295,dodge,2014,170492.858
881,16995,dodge,2014,155389.175
882,25000,dodge,2014,21301.551
883,23995,dodge,2014,40118.806
884,14900,dodge,2014,75396.131
885,15810,dodge,2014,71549.012
886,20227,dodge,2014,100128.06999999999
887,20999,dodge,2014,59664.938
888,22499,dodge,2014,38558.076
889,23495,dodge,2014,18027.236
890,25250,dodge,2014,12241.271999999999
891,15322,dodge,2014,80421.038
892,21232,dodge,2019,7964.55
893,5800,dodge,2013,179609.452
894,29000,dodge,2012,25626.543
895,17000,dodge,2018,58405.091
896,13800,dodge,2018,45806.621
897,30000,dodge,2019,46799.373999999996
898,14800,dodge,2017,57909.519
899,8500,dodge,2017,100118.416
900,9800,dodge,2013,139178.5
901,4200,dodge,2014,232862.525
902,2500,dodge,2013,262685.34
903,28700,dodge,2018,31594.324
904,18500,dodge,2018,55143.648
905,17300,dodge,2018,69040.581
906,7100,dodge,2016,89700.141
907,3250,dodge,2015,143429.478
908,30700,dodge,2017,32707.752
909,3000,dodge,2012,240275.188
910,26500,dodge,2019,45938.559
911,20800,dodge,2019,56472.682
912,20800,dodge,2019,56902.284999999996
913,5100,dodge,2015,142232.382
914,18900,dodge,2019,44982.813
915,24000,dodge,2019,48529.049
916,38800,dodge,2015,42303.828
917,24500,dodge,2019,41480.02
918,24500,dodge,2019,40276.488
919,6500,dodge,2016,116247.03199999999
920,24000,dodge,2019,49283.67
921,18000,dodge,2014,138575.125
922,24000,dodge,2019,48926.472
923,23500,dodge,2019,57027.787
924,4500,dodge,2014,153461.593
925,25900,dodge,2019,52652.916
926,13900,dodge,2019,72548.201
927,14200,dodge,2019,57840.332
928,15400,dodge,2019,66936.009
929,17500,dodge,2019,42429.33
930,17500,dodge,2019,29398.039
931,18000,dodge,2019,15246.884
932,25200,dodge,2012,130166.491
933,14100,dodge,2018,92346.946
934,13300,dodge,2018,67883.71
935,16200,dodge,2019,36348.919
936,13300,dodge,2018,78327.72899999999
937,13100,dodge,2018,68577.189
938,15500,dodge,2017,44667.449
939,4500,dodge,2013,173398.712
940,28400,dodge,2019,23097.195
941,17400,dodge,2019,15232.403
942,6000,dodge,2014,197644.733
943,20700,dodge,2019,29465.617
944,20300,dodge,2019,31385.154
945,14000,dodge,2018,23732.75
946,22000,dodge,2019,18149.52
947,17200,dodge,2019,22435.896
948,15000,dodge,2016,43317.498
949,17500,dodge,2019,20418.21
950,1300,dodge,2013,385873.598
951,1750,dodge,2014,120634.775
952,16300,dodge,2019,45517.001
953,15700,dodge,2019,61207.969
954,10000,dodge,2017,84289.074
955,23100,dodge,2019,55335.119
956,14900,dodge,2019,63579.635
957,16700,dodge,2019,35517.066
958,16300,dodge,2019,46310.238
959,25800,dodge,2019,48418.028
960,23800,dodge,2019,42546.787
961,16800,dodge,2019,46630.429
962,15500,dodge,2019,52879.784999999996
963,6000,dodge,2014,188668.122
964,26900,dodge,2019,26382.773
965,16900,dodge,2019,26027.184
966,19500,dodge,2019,1755.419
967,15400,dodge,2019,28112.448
968,2300,dodge,2012,199326.138
969,17000,dodge,2019,16638.668999999998
970,34000,dodge,2019,31689.255
971,13700,dodge,2017,82124.969
972,19100,dodge,2018,36437.414
973,11800,dodge,2018,29184.042
974,27500,dodge,2019,38595.083
975,26900,dodge,2019,27610.44
976,27100,dodge,2019,43328.761
977,27200,dodge,2019,41536.335
978,9000,dodge,2017,131925.128
979,22500,dodge,2019,8045.0
980,7700,dodge,2015,100856.947
981,4500,dodge,2013,172523.416
982,2200,dodge,2013,297512.145
983,21500,dodge,2019,56561.176999999996
984,18800,dodge,2019,42596.666
985,21800,dodge,2019,49787.287
986,20300,dodge,2019,27600.786
987,8200,dodge,2016,128135.933
988,19000,dodge,2019,19505.907
989,8400,dodge,2016,173485.598
990,19500,dodge,2019,16445.589
991,7000,dodge,2015,153302.302
992,19500,dodge,2019,21652.313
993,8500,dodge,2014,112527.024
994,20500,dodge,2019,21753.68
995,4900,dodge,2014,155947.498
996,20800,dodge,2014,116803.746
997,28500,dodge,2019,28794.664
998,21900,dodge,2019,17840.592
999,15800,dodge,2019,47573.303
1000,33000,dodge,2019,25188.895
1001,22700,dodge,2019,42522.652
1002,21900,dodge,2019,46665.827
1003,19300,dodge,2019,51856.461
1004,30700,dodge,2019,42643.327
1005,19300,dodge,2019,24852.614
1006,13750,dodge,2014,206846.604
1007,16400,dodge,2019,37600.721
1008,19500,dodge,2019,14106.103
1009,15100,dodge,2019,77745.271
1010,28500,dodge,2019,24577.475
1011,15300,dodge,2019,54426.034
1012,20300,dodge,2019,26836.511
1013,22000,dodge,2019,42130.056
1014,16700,dodge,2019,34115.627
1015,19300,dodge,2019,28752.829999999998
1016,34100,dodge,2019,28815.581
1017,14600,dodge,2019,66171.734
1018,18200,dodge,2019,22683.682
1019,33800,dodge,2019,24139.827
1020,15900,dodge,2019,46829.945
1021,16500,dodge,2019,55983.546
1022,29600,dodge,2019,32234.706
1023,14100,dodge,2019,75529.678
1024,18200,dodge,2019,23737.577
1025,18200,dodge,2019,23103.631
1026,24300,dodge,2019,56189.498
1027,15400,dodge,2019,33698.896
1028,19000,dodge,2019,15892.093
1029,19000,dodge,2019,14398.941
1030,27800,dodge,2017,21925.843
1031,18200,dodge,2019,29430.219
1032,15000,dodge,2018,61188.661
1033,19200,dodge,2017,52442.137
1034,15500,dodge,2018,60099.368
1035,24900,dodge,2017,37055.27
1036,15500,dodge,2018,49349.639
1037,7600,dodge,2012,127986.296
1038,18400,dodge,2017,24178.443
1039,14700,dodge,2018,46846.034999999996
1040,3900,dodge,2015,150608.836
1041,5200,dodge,2015,161226.627
1042,17200,dodge,2019,56960.209
1043,18700,dodge,2019,32628.911
1044,32000,dodge,2019,41978.81
1045,14500,dodge,2015,173649.716
1046,19400,dodge,2019,23983.754
1047,17300,dodge,2019,55360.863
1048,16700,dodge,2019,29040.841
1049,19100,dodge,2019,29174.388
1050,11100,dodge,2013,175664.184
1051,32000,dodge,2019,40958.704
1052,16900,dodge,2019,61745.375
1053,18000,dodge,2017,64025.328
1054,17800,dodge,2019,48918.426999999996
1055,18000,dodge,2019,45457.468
1056,17500,dodge,2019,51333.536
1057,14500,dodge,2018,39156.623999999996
1058,18500,dodge,2019,38553.248999999996
1059,18600,dodge,2019,36876.671
1060,32000,dodge,2019,36786.567
1061,17000,dodge,2019,62456.553
1062,16000,dodge,2019,78606.086
1063,18000,dodge,2019,43906.392
1064,15900,dodge,2020,8501.956
1065,6200,dodge,2016,160880.692
1066,3700,dodge,2013,135331.381
1067,24000,dodge,2012,142459.251
1068,20800,dodge,2013,54286.051
1069,18500,dodge,2012,162536.353
1070,18300,dodge,2019,22374.754
1071,21000,dodge,2019,33147.009
1072,1300,dodge,2013,218117.649
1073,11900,dodge,2019,37684.389
1074,950,dodge,2012,233584.966
1075,26800,dodge,2019,34286.181
1076,800,dodge,2012,350079.784
1077,21000,dodge,2019,16653.15
1078,1900,dodge,2012,253636.324
1079,33500,dodge,2019,13845.445
1080,900,dodge,2013,224301.036
1081,21000,dodge,2019,16363.53
1082,26800,dodge,2019,35835.648
1083,5700,dodge,2016,163966.754
1084,18500,dodge,2019,43473.570999999996
1085,33000,dodge,2019,17586.37
1086,11000,dodge,2019,118345.168
1087,15800,dodge,2019,59705.163
1088,3600,dodge,2013,199913.423
1089,16300,dodge,2019,59521.737
1090,2700,dodge,2015,108016.997
1091,12800,dodge,2019,54030.22
1092,9700,dodge,2015,151471.26
1093,18300,dodge,2019,16809.222999999998
1094,16000,dodge,2019,16458.461
1095,21000,dodge,2019,10086.821
1096,3700,dodge,2014,158806.691
1097,33000,dodge,2019,17105.279
1098,14700,dodge,2019,71409.029
1099,33000,dodge,2019,22461.64
1100,15900,dodge,2019,22608.059
1101,33000,dodge,2019,33467.2
1102,33000,dodge,2019,14276.657
1103,32500,dodge,2019,24942.718
1104,33000,dodge,2019,15557.421
1105,13000,dodge,2018,81854.657
1106,33000,dodge,2019,22714.253
1107,16500,dodge,2019,75333.38
1108,33000,dodge,2019,11660.423
1109,34500,dodge,2017,65954.519
1110,33500,dodge,2019,14518.007
1111,48000,dodge,2018,12947.623
1112,54500,dodge,2019,6381.294
1113,13200,dodge,2018,65991.526
1114,31500,dodge,2018,33639.363
1115,17400,dodge,2017,144480.155
1116,26000,dodge,2017,91967.222
1117,1700,dodge,2013,203889.262
1118,11000,dodge,2013,135117.384
1119,21000,dodge,2018,20199.386
1120,5500,dodge,2015,97677.563
1121,7500,dodge,2014,64536.99
1122,15800,dodge,2019,45113.142
1123,16900,dodge,2019,42868.587
1124,25000,dodge,2019,58128.343
1125,18000,dodge,2019,32152.647
1126,15600,dodge,2019,48150.934
1127,23800,dodge,2019,59130.75
1128,16800,dodge,2019,43945.008
1129,22700,dodge,2019,79766.175
1130,23300,dodge,2019,48718.911
1131,23500,dodge,2019,41552.425
1132,25500,dodge,2019,52250.666
1133,21800,dodge,2019,49211.265
1134,22800,dodge,2019,58250.627
1135,18200,dodge,2019,47629.618
1136,23500,dodge,2019,46160.601
1137,25700,dodge,2019,50598.223
1138,15700,dodge,2019,62989.132
1139,17500,dodge,2018,53893.455
1140,15700,dodge,2019,56755.866
1141,16500,dodge,2018,78430.705
1142,16100,dodge,2019,50356.873
1143,15600,dodge,2019,62340.705
1144,15400,dodge,2019,60665.736
1145,28200,dodge,2017,43539.54
1146,15300,dodge,2019,64363.218
1147,15900,dodge,2019,56202.37
1148,17700,dodge,2016,36786.567
1149,15800,dodge,2019,59333.484
1150,15900,dodge,2019,55130.776
1151,25300,dodge,2019,28181.635
1152,16300,dodge,2019,43557.239
1153,29500,dodge,2019,23581.504
1154,14500,dodge,2019,57364.068
1155,15400,dodge,2019,48358.495
1156,15400,dodge,2019,69328.592
1157,15100,dodge,2019,54128.369
1158,15000,dodge,2019,55988.373
1159,15500,dodge,2019,70704.287
1160,15000,dodge,2019,57512.096
1161,15200,dodge,2019,50751.078
1162,15700,dodge,2019,43280.491
1163,16100,dodge,2019,48245.865
1164,16300,dodge,2018,59547.481
1165,16000,dodge,2019,49446.179
1166,16900,dodge,2019,48369.758
1167,17000,dodge,2019,45526.655
1168,17300,dodge,2019,41084.206
1169,15900,dodge,2019,47813.044
1170,15700,dodge,2019,55179.046
1171,16900,dodge,2019,44477.587
1172,15500,dodge,2019,57145.244
1173,15100,dodge,2019,65444.466
1174,15500,dodge,2019,52282.846
1175,15400,dodge,2019,56390.623
1176,16500,dodge,2019,52932.882
1177,42500,dodge,2015,22107.66
1178,16600,dodge,2019,37219.388
1179,15200,dodge,2019,59812.966
1180,15800,dodge,2019,54743.007
1181,16900,dodge,2019,48303.789
1182,11100,dodge,2017,82813.621
1183,15600,dodge,2019,50260.333
1184,16900,dodge,2019,48569.274
1185,15300,dodge,2019,67507.204
1186,16600,dodge,2019,49439.743
1187,21800,dodge,2017,62680.204
1188,36500,dodge,2018,35455.924
1189,26300,dodge,2019,42577.358
1190,20900,dodge,2019,37237.087
1191,20100,dodge,2019,27900.06
1192,26700,dodge,2019,47866.140999999996
1193,23900,dodge,2019,56714.032
1194,14500,dodge,2018,65030.953
1195,23000,dodge,2017,48767.181
1196,15000,dodge,2018,68065.527
1197,15000,dodge,2018,56839.534
1198,28500,ford,2017,148188.9
1199,28000,ford,2017,159894.375
1200,9000,ford,2017,116520.562
1201,28700,ford,2015,47840.397
1202,25000,ford,2017,192177.351
1203,17347,ford,2015,87523.164
1204,13800,ford,2016,147394.054
1205,25888,ford,2015,4516.463
1206,8500,ford,2017,126691.05099999999
1207,21289,ford,2015,115775.595
1208,17999,ford,2015,77991.448
1209,2700,ford,2012,158438.23
1210,30977,ford,2015,46559.633
1211,13799,ford,2015,134662.037
1212,20500,ford,2014,146238.792
1213,8500,ford,2012,349059.678
1214,9900,ford,2015,331125.764
1215,65500,ford,2019,10458.5
1216,24500,ford,2018,64268.287
1217,32500,ford,2020,9525.28
1218,9200,ford,2018,115008.102
1219,17700,ford,2017,192307.68
1220,18300,ford,2020,17509.138
1221,43500,ford,2019,46677.09
1222,15200,ford,2016,111025.827
1223,36200,ford,2019,26077.063
1224,21900,ford,2018,47864.532
1225,20700,ford,2019,41161.438
1226,12300,ford,2019,39452.68
1227,4200,ford,2016,167952.247
1228,19500,ford,2019,54969.876
1229,14300,ford,2020,11222.775
1230,13700,ford,2016,108044.35
1231,13200,ford,2015,162219.38
1232,6200,ford,2014,228938.174
1233,6500,ford,2015,96564.135
1234,1500,ford,2013,203347.029
1235,2200,ford,2013,207163.577
1236,4200,ford,2013,0.0
1237,8700,ford,2013,103938.182
1238,3200,ford,2012,179454.988
1239,9000,ford,2012,240297.714
1240,20000,ford,2018,70099.303
1241,33000,ford,2017,57930.436
1242,23300,ford,2019,17594.415
1243,8750,ford,2017,242128.756
1244,11975,ford,2012,196320.526
1245,23600,ford,2019,31155.067
1246,12000,ford,2016,69029.318
1247,30900,ford,2018,645.209
1248,23900,ford,2019,17822.893
1249,40400,ford,2018,54866.9
1250,38000,ford,2019,48298.962
1251,27000,ford,2019,29410.911
1252,24000,ford,2019,11863.157
1253,30000,ford,2019,4167.31
1254,16200,ford,2019,67034.158
1255,30000,ford,2019,24165.571
1256,23900,ford,2019,15156.78
1257,13800,ford,2018,67359.17599999999
1258,23700,ford,2019,27077.861
1259,24300,ford,2018,10120.61
1260,54900,ford,2019,23158.337
1261,22500,ford,2018,23489.791
1262,39000,ford,2018,41574.951
1263,13900,ford,2018,97690.435
1264,24700,ford,2018,37570.15
1265,20100,ford,2018,100379.074
1266,22000,ford,2018,10053.032
1267,38200,ford,2019,1412.702
1268,24400,ford,2018,79983.39
1269,35000,ford,2018,3285.578
1270,18600,ford,2019,12456.878
1271,22700,ford,2018,63930.397
1272,38000,ford,2018,54224.909
1273,17000,ford,2014,108675.078
1274,17500,ford,2017,56467.854999999996
1275,23200,ford,2019,13921.068
1276,30700,ford,2017,82231.163
1277,23500,ford,2019,24114.083
1278,26400,ford,2017,45457.468
1279,23500,ford,2019,25758.481
1280,38000,ford,2017,77016.394
1281,23600,ford,2019,17705.436
1282,19300,ford,2017,69018.055
1283,23200,ford,2019,15269.41
1284,13800,ford,2017,62794.443
1285,23600,ford,2019,21666.793999999998
1286,23200,ford,2019,14057.833
1287,40000,ford,2017,38551.64
1288,23400,ford,2019,8949.258
1289,23600,ford,2019,22144.667
1290,23000,ford,2019,16804.396
1291,25500,ford,2017,67088.864
1292,23500,ford,2019,25401.283
1293,29900,ford,2017,14749.703
1294,23200,ford,2019,28223.469
1295,50500,ford,2017,39719.774
1296,23400,ford,2019,24472.89
1297,24500,ford,2017,87853.009
1298,49000,ford,2017,3547.845
1299,25400,ford,2017,57426.818999999996
1300,23000,ford,2017,52755.892
1301,6000,ford,2012,290377.839
1302,22400,ford,2016,69066.325
1303,22500,ford,2016,60152.465
1304,25200,ford,2019,24802.735
1305,36000,ford,2016,32255.623
1306,26700,ford,2019,27166.356
1307,30500,ford,2016,93219.024
1308,26700,ford,2019,24527.596
1309,25000,ford,2019,31925.778
1310,35200,ford,2016,62477.47
1311,30300,ford,2019,51325.491
1312,25000,ford,2016,111511.745
1313,26500,ford,2016,74171.682
1314,21600,ford,2019,47396.313
1315,18800,ford,2016,49500.885
1316,21500,ford,2019,46815.464
1317,9000,ford,2016,65063.133
1318,16700,ford,2015,111027.436
1319,16800,ford,2015,104873.011
1320,15700,ford,2015,122061.958
1321,16800,ford,2015,109925.271
1322,19500,ford,2015,129289.586
1323,20500,ford,2015,82768.569
1324,17400,ford,2015,114164.986
1325,17500,ford,2014,148832.5
1326,26000,ford,2014,106784.503
1327,56700,ford,2019,22339.356
1328,5000,ford,2013,325927.085
1329,40200,ford,2019,42612.756
1330,54000,ford,2013,1131.127
1331,65200,ford,2019,29184.042
1332,32500,ford,2017,45063.263
1333,25500,ford,2019,18102.859
1334,63000,ford,2019,18728.76
1335,44000,ford,2019,17317.667
1336,70000,ford,2019,15515.587
1337,56200,ford,2019,54593.37
1338,35000,ford,2019,42559.659
1339,57700,ford,2019,33951.509
1340,74000,ford,2019,16952.424
1341,60200,ford,2019,51076.096
1342,60000,ford,2018,29061.757999999998
1343,63000,ford,2018,28868.678
1344,22500,ford,2014,70226.414
1345,8300,ford,2014,115830.30099999999
1346,8300,ford,2012,222569.752
1347,21000,ford,2013,153476.074
1348,19300,ford,2019,38197.659999999996
1349,16400,ford,2019,58026.976
1350,27300,ford,2019,30257.245
1351,26400,ford,2012,243015.315
1352,35100,ford,2019,16249.291
1353,41500,ford,2018,15768.2
1354,34100,ford,2019,16867.147
1355,28600,ford,2019,28228.296
1356,34100,ford,2019,16358.703
1357,28700,ford,2019,18434.313
1358,24700,ford,2019,42783.31
1359,46500,ford,2019,56871.714
1360,29000,ford,2019,20841.377
1361,25500,ford,2019,42949.037
1362,39500,ford,2019,40339.239
1363,33100,ford,2019,53962.642
1364,30500,ford,2019,15953.235
1365,3600,ford,2018,1.609
1366,16800,ford,2019,15945.19
1367,24000,ford,2019,26974.885
1368,58500,ford,2019,7996.73
1369,55000,ford,2017,70738.076
1370,28800,ford,2019,65623.065
1371,26800,ford,2015,175377.782
1372,36000,ford,2018,94248.784
1373,20000,ford,2018,89259.275
1374,46700,ford,2019,57809.761
1375,42800,ford,2019,34865.421
1376,21800,ford,2018,25871.111
1377,18800,ford,2018,66205.523
1378,18800,ford,2018,73688.982
1379,30200,ford,2018,34920.127
1380,27500,ford,2018,35854.956
1381,37500,ford,2018,39528.303
1382,19100,ford,2018,49225.746
1383,17100,ford,2018,84869.923
1384,13500,ford,2018,34741.528
1385,54500,ford,2018,31943.477
1386,9000,ford,2018,40548.409
1387,16400,ford,2020,16654.759
1388,17000,ford,2020,1797.253
1389,24800,ford,2017,59981.911
1390,26800,ford,2017,48451.817
1391,19400,ford,2017,44360.13
1392,20000,ford,2017,72707.492
1393,7000,ford,2012,240886.608
1394,25100,ford,2017,40273.27
1395,2000,ford,2013,170140.487
1396,18200,ford,2020,15866.349
1397,14200,ford,2018,2817.359
1398,56500,ford,2017,49282.061
1399,2000,ford,2016,85088.747
1400,26500,ford,2020,196.298
1401,34300,ford,2019,45911.206
1402,43500,ford,2017,129844.69099999999
1403,3500,ford,2016,117217.259
1404,37200,ford,2019,38741.502
1405,12800,ford,2017,62170.151
1406,15000,ford,2013,236212.463
1407,12500,ford,2017,51280.439
1408,21500,ford,2017,123693.484
1409,17300,ford,2019,45164.63
1410,27000,ford,2017,5131.101
1411,31800,ford,2017,45629.631
1412,13000,ford,2017,69010.01
1413,31800,ford,2017,47188.752
1414,46300,ford,2016,76477.379
1415,6000,ford,2015,92268.105
1416,22800,ford,2016,108681.514
1417,45000,ford,2019,29208.177
1418,49500,ford,2019,28461.601
1419,3000,ford,2012,220708.139
1420,20000,ford,2015,102083.005
1421,25300,ford,2019,42512.998
1422,4000,ford,2015,240254.271
1423,45500,ford,2019,30196.103
1424,9100,ford,2018,61607.001
1425,48000,ford,2019,36942.64
1426,47000,ford,2019,27776.167
1427,49500,ford,2019,27322.429
1428,31200,ford,2019,21010.322
1429,18500,ford,2014,73832.183
1430,15500,ford,2019,34979.659999999996
1431,30500,ford,2019,28490.563
1432,45500,ford,2019,30765.689
1433,31500,ford,2019,30339.304
1434,11000,ford,2013,136365.968
1435,46500,ford,2019,31463.995
1436,31500,ford,2019,26291.06
1437,32000,ford,2018,27742.378
1438,23900,ford,2019,46231.397
1439,31500,ford,2019,25774.571
1440,18500,ford,2016,121608.22
1441,1500,ford,2013,182531.396
1442,46000,ford,2019,30936.243
1443,31500,ford,2019,21935.497
1444,14700,ford,2015,60722.051
1445,2700,ford,2013,166597.469
1446,47500,ford,2019,38731.848
1447,31500,ford,2019,28410.113
1448,8900,ford,2014,124523.728
1449,7000,ford,2019,19195.37
1450,49000,ford,2019,31747.179
1451,31500,ford,2019,25069.829
1452,8900,ford,2014,112921.22899999999
1453,48000,ford,2019,25974.087
1454,50000,ford,2019,28953.954999999998
1455,47300,ford,2019,38496.934
1456,45000,ford,2017,93207.761
1457,49000,ford,2019,33399.622
1458,40200,ford,2019,16135.052
1459,48000,ford,2019,33871.059
1460,5000,ford,2015,219317.963
1461,8200,ford,2013,170360.92
1462,49000,ford,2019,32155.864999999998
1463,4000,ford,2015,165067.31
1464,39000,ford,2019,44427.708
1465,29000,ford,2015,146185.695
1466,46500,ford,2019,32077.024
1467,7805,ford,2015,103772.455
1468,22000,ford,2018,63518.493
1469,18800,ford,2019,41348.082
1470,33000,ford,2015,118823.041
1471,39500,ford,2019,40903.998
1472,16900,ford,2015,77016.394
1473,42500,ford,2019,50258.724
1474,39500,ford,2019,43048.795
1475,25500,ford,2018,79125.793
1476,49500,ford,2019,33385.141
1477,25000,ford,2018,24139.827
1478,40000,ford,2019,19705.423
1479,26000,ford,2018,1.609
1480,29500,ford,2019,17390.072
1481,23000,ford,2019,18122.167
1482,25500,ford,2018,68071.963
1483,44500,ford,2019,28131.756
1484,15600,ford,2019,59703.554
1485,23100,ford,2019,15348.251
1486,37000,ford,2019,3835.8559999999998
1487,14500,ford,2019,33129.31
1488,23000,ford,2019,22358.664
1489,26500,ford,2019,15206.659
1490,18000,ford,2017,50936.113
1491,35700,ford,2019,54556.363
1492,31000,ford,2019,16135.052
1493,2000,ford,2013,282604.76
1494,40400,ford,2019,49508.93
1495,43600,ford,2019,24361.869
1496,22600,ford,2019,29655.479
1497,26000,ford,2019,15452.836
1498,23200,ford,2019,15311.244
1499,29000,ford,2019,15636.262
1500,22800,ford,2019,26558.154
1501,3450,ford,2015,309101.772
1502,31000,ford,2019,17744.052
1503,22900,ford,2019,18202.617
1504,3000,ford,2014,227826.355
1505,28000,ford,2019,20733.574
1506,23200,ford,2019,15375.604
1507,27000,ford,2019,21349.821
1508,22800,ford,2019,26982.93
1509,31500,ford,2019,21763.334
1510,23400,ford,2019,26373.119
1511,28000,ford,2019,18402.133
1512,23400,ford,2019,28904.076
1513,28000,ford,2018,8752.96
1514,24900,ford,2019,20973.315
1515,23500,ford,2019,25356.231
1516,36000,ford,2018,48273.218
1517,28700,ford,2019,21999.857
1518,16000,ford,2018,39388.32
1519,31000,ford,2019,21287.07
1520,16500,ford,2017,221702.501
1521,28500,ford,2019,21747.244
1522,10800,ford,2017,131390.94
1523,28500,ford,2019,18926.667
1524,25000,ford,2017,54971.485
1525,31000,ford,2019,21653.922
1526,7800,ford,2016,168731.003
1527,28500,ford,2019,22532.436
1528,9500,ford,2016,112354.861
1529,28500,ford,2019,21568.645
1530,14500,ford,2016,154706.959
1531,25000,ford,2019,20414.992
1532,14500,ford,2016,187479.071
1533,28500,ford,2019,19726.34
1534,12100,ford,2016,47251.503
1535,29400,ford,2019,30542.038
1536,24700,ford,2019,38286.155
1537,8700,ford,2016,123204.348
1538,29500,ford,2019,25686.076
1539,25800,ford,2019,45240.253
1540,17500,ford,2016,187818.57
1541,23900,ford,2019,33877.495
1542,22900,ford,2019,44720.546
1543,19500,ford,2016,91704.955
1544,29500,ford,2019,26749.625
1545,24500,ford,2019,44551.601
1546,11000,ford,2016,64120.259
1547,22400,ford,2019,51048.743
1548,15700,ford,2019,50821.873999999996
1549,11000,ford,2015,54250.653
1550,28000,ford,2019,29634.561999999998
1551,13500,ford,2019,62771.917
1552,7300,ford,2013,201850.65899999999
1553,25100,ford,2019,34345.714
1554,24100,ford,2019,34030.35
1555,6500,ford,2014,167113.95799999998
1556,10500,ford,2019,35399.609
1557,16900,ford,2019,50298.949
1558,6000,ford,2013,226659.83
1559,28500,ford,2019,23102.022
1560,16200,ford,2019,67050.24799999999
1561,6500,ford,2013,153908.895
1562,24500,ford,2019,31364.237
1563,16500,ford,2019,59462.204
1564,56500,ford,2017,37365.807
1565,10400,ford,2019,21053.765
1566,22800,ford,2018,58123.515999999996
1567,26500,ford,2019,30807.523
1568,23800,ford,2019,40213.737
1569,24700,ford,2018,66173.343
1570,12400,ford,2019,52075.284999999996
1571,16600,ford,2019,44688.366
1572,11200,ford,2015,168988.443
1573,15900,ford,2019,44739.854
1574,7700,ford,2015,87204.582
1575,15100,ford,2019,48561.229
1576,7200,ford,2013,133016.03
1577,15600,ford,2019,58414.745
1578,39700,ford,2019,16854.275
1579,16000,ford,2019,55887.006
1580,7500,ford,2012,300421.217
1581,15500,ford,2017,212629.35
1582,19000,ford,2019,20801.152
1583,5500,ford,2015,187511.251
1584,38700,ford,2018,95814.341
1585,21000,ford,2019,19587.966
1586,28500,ford,2016,154671.561
1587,37200,ford,2018,144502.681
1588,18500,ford,2019,29287.018
1589,15000,ford,2015,206764.54499999998
1590,37700,ford,2017,70034.943
1591,22200,ford,2019,25409.328
1592,39950,ford,2019,14928.302
1593,37600,ford,2017,67457.325
1594,18500,ford,2019,27230.716
1595,10000,ford,2013,192869.221
1596,20500,ford,2019,27771.34
1597,5700,ford,2013,143989.41
1598,21000,ford,2019,65602.148
1599,22500,ford,2019,41227.407
1600,29000,ford,2019,18775.421
1601,13200,ford,2013,222885.116
1602,25500,ford,2019,21953.196
1603,25700,ford,2016,238027.415
1604,18900,ford,2015,71529.704
1605,31500,ford,2019,32754.413
1606,45500,ford,2017,106782.894
1607,11000,ford,2017,70042.988
1608,18288,ford,2015,72755.762
1609,20000,ford,2017,137871.992
1610,36600,ford,2016,94773.318
1611,18299,ford,2015,96329.221
1612,10000,ford,2017,56348.789
1613,4100,ford,2012,161324.776
1614,30995,ford,2015,252704.713
1615,1750,ford,2012,291737.444
1616,31500,ford,2019,37364.198
1617,13500,ford,2016,141086.774
1618,7500,ford,2014,262135.062
1619,650,ford,2017,0.0
1620,22800,ford,2019,52334.334
1621,11300,ford,2016,111667.818
1622,32700,ford,2014,122824.624
1623,1350,ford,2012,262804.406
1624,21900,ford,2019,76633.452
1625,11700,ford,2014,217670.347
1626,6500,ford,2014,237975.927
1627,9800,ford,2014,119357.22899999999
1628,11000,ford,2014,124514.074
1629,1150,ford,2014,198468.541
1630,13000,ford,2013,219887.549
1631,5500,ford,2013,176346.4
1632,6000,ford,2014,201718.721
1633,11200,ford,2013,197683.349
1634,5000,ford,2016,178319.03399999999
1635,23400,ford,2019,19626.582
1636,13500,ford,2019,73228.808
1637,22900,ford,2019,25190.504
1638,20000,ford,2020,38590.256
1639,22900,ford,2019,25455.989
1640,27000,ford,2020,20511.532
1641,54500,ford,2019,15872.785
1642,20600,ford,2020,28733.522
1643,23500,ford,2019,10797.999
1644,53000,ford,2019,24036.851
1645,23600,ford,2019,25454.38
1646,33500,ford,2019,9879.26
1647,24400,ford,2019,41113.168
1648,13000,ford,2016,88469.256
1649,48400,ford,2019,39875.847
1650,26500,ford,2014,238843.17799999999
1651,46200,ford,2019,55013.319
1652,9300,ford,2013,132053.848
1653,13500,ford,2012,168235.431
1654,27600,ford,2019,21343.385
1655,7400,ford,2013,214502.226
1656,26500,ford,2019,36134.922
1657,26000,ford,2013,112800.554
1658,24500,ford,2019,38152.608
1659,2100,ford,2012,163873.432
1660,16700,ford,2019,24125.346
1661,17500,ford,2015,96099.134
1662,17000,ford,2019,26464.832
1663,22500,ford,2015,46340.809
1664,34500,ford,2019,46561.242
1665,16600,ford,2019,30606.398
1666,7500,ford,2014,150975.688
1667,34500,ford,2019,40299.014
1668,25000,ford,2019,35909.662
1669,36000,ford,2019,27837.309
1670,23700,ford,2019,44107.517
1671,28600,ford,2019,63930.397
1672,23500,ford,2013,119379.755
1673,25300,ford,2019,71412.247
1674,24900,ford,2019,30813.959
1675,20300,ford,2012,303125.946
1676,23400,ford,2020,3945.268
1677,14600,ford,2019,58329.468
1678,25500,ford,2019,43661.824
1679,14700,ford,2019,57845.159
1680,33700,ford,2019,56670.589
1681,33400,ford,2019,54397.072
1682,34000,ford,2019,51523.398
1683,17500,ford,2019,54984.356999999996
1684,14100,ford,2019,39053.648
1685,30000,ford,2019,30659.495
1686,16500,ford,2019,56028.598
1687,30600,ford,2019,24813.998
1688,12800,ford,2019,39846.885
1689,26000,ford,2019,37037.570999999996
1690,46000,ford,2019,61532.987
1691,28500,ford,2019,26562.981
1692,24300,ford,2019,30188.058
1693,29000,ford,2019,46426.086
1694,15300,ford,2019,27983.728
1695,27900,ford,2019,21814.822
1696,24700,ford,2019,43574.938
1697,14400,ford,2019,28173.59
1698,15000,ford,2019,39681.158
1699,17200,ford,2014,154586.28399999999
1700,12800,ford,2019,36778.522
1701,46900,ford,2020,1190.66
1702,2800,ford,2013,178193.532
1703,16200,ford,2019,40369.81
1704,25200,ford,2020,11.263
1705,34800,ford,2019,55151.693
1706,52000,ford,2019,55553.943
1707,26000,ford,2017,160776.107
1708,40600,ford,2019,63024.53
1709,55000,ford,2019,26659.521
1710,5000,ford,2015,129704.708
1711,36400,ford,2019,58915.144
1712,7500,ford,2015,148293.485
1713,14700,ford,2019,72047.802
1714,43900,ford,2020,3361.201
1715,6400,ford,2013,147468.068
1716,41100,ford,2019,57603.809
1717,23000,ford,2013,142848.629
1718,13900,ford,2019,59497.602
1719,19000,ford,2012,305349.584
1720,34800,ford,2019,56689.897
1721,22000,ford,2012,243990.369
1722,16300,ford,2019,59603.796
1723,18800,ford,2019,25478.515
1724,13000,ford,2012,323709.883
1725,40900,ford,2019,67462.152
1726,47000,ford,2019,59627.931
1727,12800,ford,2017,54324.667
1728,25500,ford,2019,48028.65
1729,17800,ford,2019,42920.075
1730,25700,ford,2019,28685.252
1731,17200,ford,2019,47677.888
1732,35000,ford,2019,18574.296
1733,28800,ford,2019,35359.384
1734,39200,ford,2019,70179.753
1735,13600,ford,2019,79249.686
1736,24200,ford,2019,83006.701
1737,46900,ford,2019,66610.991
1738,26500,ford,2019,18880.006
1739,24700,ford,2019,66979.452
1740,12600,ford,2017,24255.675
1741,31800,ford,2019,42784.919
1742,24500,ford,2019,36855.754
1743,26000,ford,2019,53840.358
1744,21000,ford,2017,52689.923
1745,22500,ford,2019,54250.653
1746,7700,ford,2017,137115.762
1747,23100,ford,2019,37830.808
1748,9200,ford,2017,93085.477
1749,19600,ford,2019,53618.316
1750,11700,ford,2016,38299.027
1751,27300,ford,2019,50297.34
1752,14300,ford,2016,111709.652
1753,23600,ford,2019,25349.795
1754,6200,ford,2016,146332.114
1755,22400,ford,2019,82654.33
1756,5700,ford,2016,160805.069
1757,23600,ford,2019,24868.704
1758,4600,ford,2016,227839.22699999998
1759,37500,ford,2019,3832.638
1760,10700,ford,2016,160166.296
1761,31900,ford,2019,34667.514
1762,31600,ford,2019,26215.436999999998
1763,12600,ford,2018,64963.375
1764,5300,ford,2013,230394.319
1765,3900,ford,2018,584.067
1766,13000,ford,2015,95986.504
1767,11800,ford,2018,60945.702
1768,24600,ford,2019,33190.452
1769,14500,ford,2014,114568.845
1770,24300,ford,2018,42133.274
1771,12300,ford,2018,61394.613
1772,14800,ford,2016,48792.925
1773,17100,ford,2018,50781.649
1774,6800,ford,2016,107247.895
1775,20300,ford,2018,30617.661
1776,26300,ford,2018,18888.051
1777,22500,ford,2016,81130.607
1778,41200,ford,2019,41251.542
1779,20400,ford,2017,96214.982
1780,49900,ford,2019,8101.315
1781,12100,ford,2017,51944.956
1782,24000,ford,2016,64956.939
1783,9500,ford,2017,173078.521
1784,9000,ford,2017,155189.65899999999
1785,9800,ford,2017,152615.259
1786,7800,ford,2017,174941.743
1787,17200,ford,2017,147994.211
1788,18800,ford,2017,122699.122
1789,9800,ford,2014,237446.566
1790,7000,ford,2013,168565.276
1791,44000,ford,2019,27246.806
1792,23400,ford,2019,22239.597999999998
1793,30700,ford,2019,8447.25
1794,15600,ford,2019,53822.659
1795,22600,ford,2019,22994.219
1796,22900,ford,2019,26910.525
1797,22800,ford,2019,20920.218
1798,22700,ford,2019,30413.318
1799,23000,ford,2019,15658.788
1800,22700,ford,2019,30485.722999999998
1801,23000,ford,2019,13518.818
1802,34400,ford,2019,28077.05
1803,36500,ford,2016,86863.474
1804,23100,ford,2019,25499.432
1805,23300,ford,2019,17328.93
1806,22600,ford,2019,23470.483
1807,4500,ford,2016,158687.625
1808,23000,ford,2019,17563.844
1809,8000,ford,2014,172441.357
1810,11500,ford,2019,16305.606
1811,9400,ford,2017,69277.104
1812,23000,ford,2019,17143.895
1813,2800,ford,2012,279324.009
1814,22600,ford,2019,22897.679
1815,23000,ford,2019,14456.865
1816,5200,ford,2016,135699.842
1817,19200,ford,2017,167802.61
1818,10100,ford,2017,73357.528
1819,6200,ford,2015,167271.63999999998
1820,14000,ford,2016,177525.797
1821,5000,ford,2015,222872.244
1822,9200,ford,2016,78992.246
1823,14700,ford,2016,156919.334
1824,3000,ford,2014,140658.78
1825,30200,ford,2015,107886.668
1826,3800,ford,2013,94791.01699999999
1827,3200,ford,2013,1608998.391
1828,21500,ford,2015,23301.538
1829,4900,ford,2016,91848.156
1830,23000,ford,2017,145213.859
1831,11200,ford,2014,156587.88
1832,10400,ford,2014,129769.068
1833,13200,ford,2014,160603.944
1834,5200,ford,2013,185725.261
1835,10500,ford,2015,137648.341
1836,11900,ford,2013,133595.27
1837,21200,ford,2014,209440.312
1838,23500,ford,2013,128864.81
1839,4700,ford,2013,190816.137
1840,11100,ford,2014,231219.736
1841,22000,ford,2015,86092.763
1842,14000,ford,2013,77888.472
1843,9200,ford,2013,176462.248
1844,23300,ford,2019,45935.341
1845,21700,ford,2012,184230.5
1846,11200,ford,2012,108028.26
1847,11300,ford,2018,67848.312
1848,4200,ford,2015,128771.488
1849,10900,ford,2018,84054.16
1850,42300,ford,2019,56112.265999999996
1851,10500,ford,2014,192579.601
1852,43400,ford,2019,60104.195
1853,12500,ford,2016,162423.723
1854,15900,ford,2019,41898.36
1855,42500,ford,2019,58950.542
1856,15000,ford,2015,220439.436
1857,24700,ford,2019,51156.546
1858,15500,ford,2015,210949.554
1859,49000,ford,2019,35418.917
1860,29000,ford,2017,68046.219
1861,16800,ford,2019,21166.395
1862,51000,ford,2019,40014.221
1863,16500,ford,2019,29692.486
1864,10000,ford,2016,26860.646
1865,27900,ford,2019,46535.498
1866,23700,ford,2019,37866.206
1867,20000,ford,2012,39550.829
1868,45600,ford,2019,57354.414
1869,6000,ford,2012,208965.657
1870,15600,ford,2019,46128.421
1871,25000,ford,2017,52218.486
1872,28500,ford,2019,35076.2
1873,8000,ford,2014,372916.321
1874,19990,ford,2016,38287.764
1875,34400,ford,2019,68392.154
1876,30999,ford,2016,10054.641
1877,41000,ford,2019,76421.064
1878,27999,ford,2016,17216.3
1879,42000,ford,2019,63722.836
1880,8000,ford,2013,403587.07899999997
1881,29795,ford,2016,11705.475
1882,24700,ford,2019,14168.854
1883,13995,ford,2016,169130.035
1884,2900,ford,2015,92260.06
1885,35400,ford,2019,58192.703
1886,24549,ford,2016,72310.069
1887,8900,ford,2014,85441.118
1888,15800,ford,2019,42858.933
1889,18500,ford,2016,73714.726
1890,32000,ford,2019,27851.79
1891,28300,ford,2019,38802.644
1892,10500,ford,2019,22731.952
1893,24970,ford,2016,80260.138
1894,13800,ford,2019,62693.076
1895,2580,ford,2012,165252.345
1896,59975,ford,2019,114.239
1897,2500,ford,2012,158679.58
1898,28990,ford,2016,25462.425
1899,50000,ford,2019,47463.890999999996
1900,33800,ford,2014,161310.295
1901,59975,ford,2019,279.966
1902,2500,ford,2013,269591.168
1903,46999,ford,2016,27282.204
1904,16700,ford,2019,59365.664
1905,34700,ford,2013,124345.129
1906,28900,ford,2019,39895.155
1907,30800,ford,2016,26984.539
1908,27100,ford,2019,46165.428
1909,13388,ford,2012,183137.989
1910,26000,ford,2019,31846.936999999998
1911,17900,ford,2016,44955.46
1912,23400,ford,2019,40204.083
1913,29800,ford,2016,29552.503
1914,23700,ford,2019,22701.381
1915,1725,ford,2012,255478.629
1916,33995,ford,2016,44036.721
1917,23500,ford,2019,48604.672
1918,32500,ford,2019,38654.616
1919,2500,ford,2016,104583.391
1920,39000,ford,2019,13522.036
1921,11000,ford,2018,14294.356
1922,32500,ford,2019,38818.734
1923,800,ford,2012,208621.331
1924,26900,ford,2019,51026.217
1925,11200,ford,2016,176983.56399999998
1926,21000,ford,2018,10974.989
1927,32000,ford,2019,28748.003
1928,7300,ford,2016,177397.077
1929,12800,ford,2018,63336.676
1930,24190,ford,2018,6464.9619999999995
1931,29100,ford,2019,33875.886
1932,29000,ford,2017,77729.181
1933,17300,ford,2016,110483.594
1934,19888,ford,2018,54820.239
1935,31000,ford,2019,21882.4
1936,37200,ford,2017,72334.204
1937,8600,ford,2016,116824.663
1938,24857,ford,2018,54408.335
1939,23500,ford,2019,50669.019
1940,26100,ford,2018,51727.741
1941,10800,ford,2016,42886.286
1942,20995,ford,2018,58948.933
1943,29300,ford,2019,27353.0
1944,33100,ford,2018,25679.64
1945,13800,ford,2016,65605.366
1946,19498,ford,2018,64903.842
1947,14900,ford,2019,65172.545
1948,8700,ford,2016,49452.615
1949,20600,ford,2019,54649.685
1950,5000,ford,2018,11808.451
1951,19995,ford,2018,68334.23
1952,14900,ford,2019,65438.03
1953,19500,ford,2016,66343.897
1954,24500,ford,2019,21177.658
1955,15000,ford,2018,62339.096
1956,26985,ford,2018,22563.007
1957,31000,ford,2019,15673.269
1958,24300,ford,2017,49906.353
1959,16800,ford,2019,60797.674
1960,17200,ford,2018,52155.735
1961,34995,ford,2018,16767.389
1962,24300,ford,2019,47151.745
1963,26400,ford,2017,82556.181
1964,16800,ford,2019,61143.609
1965,15500,ford,2018,30328.041
1966,19440,ford,2018,69619.821
1967,16700,ford,2019,59515.301
1968,29000,ford,2017,47175.88
1969,16100,ford,2019,55098.596
1970,17200,ford,2018,52997.242
1971,20950,ford,2018,65635.937
1972,46200,ford,2017,152438.269
1973,29400,ford,2019,40242.699
1974,2825,ford,2014,585370.29
1975,32999,ford,2018,11071.529
1976,6600,ford,2014,129400.607
1977,50200,ford,2017,148679.645
1978,28300,ford,2019,24836.524
1979,12000,ford,2017,168405.985
1980,32999,ford,2018,26056.146
1981,12600,ford,2014,77534.492
1982,5200,ford,2017,104848.876
1983,20500,ford,2019,57811.37
1984,1200,ford,2012,269307.984
1985,35999,ford,2018,22001.466
1986,41000,ford,2019,14859.115
1987,33100,ford,2017,165730.218
1988,23500,ford,2019,20653.124
1989,18799,ford,2015,221604.35199999998
1990,33999,ford,2018,11135.889
1991,35000,ford,2019,23103.631
1992,26100,ford,2017,93511.862
1993,15400,ford,2019,50078.515999999996
1994,25998,ford,2015,41406.006
1995,31831,ford,2018,22620.931
1996,40400,ford,2019,21676.448
1997,15400,ford,2013,199488.647
1998,13500,ford,2019,56352.007
1999,25995,ford,2015,63569.981
2000,27990,ford,2018,7259.808
2001,23985,ford,2015,83481.356
2002,27995,ford,2018,6727.229
2003,13995,ford,2015,91235.127
2004,29988,ford,2018,7581.608
2005,12995,ford,2015,165405.2
2006,21687,ford,2018,11438.381
2007,25200,ford,2016,162417.287
2008,29590,ford,2015,6299.235
2009,28999,ford,2018,25019.95
2010,13942,ford,2015,100630.078
2011,15300,ford,2018,61737.33
2012,35400,ford,2020,1079.639
2013,32700,ford,2016,98916.493
2014,13995,ford,2015,118890.619
2015,1850,ford,2014,271607.245
2016,15800,ford,2012,132845.476
2017,36000,ford,2016,137809.241
2018,15495,ford,2015,77833.766
2019,21500,ford,2012,19291.91
2020,7200,ford,2016,103154.599
2021,17589,ford,2015,46292.539
2022,31700,ford,2015,203873.172
2023,31790,ford,2015,43708.485
2024,18100,ford,2015,171432.514
2025,14495,ford,2015,88137.802
2026,15000,ford,2020,18871.961
2027,26400,ford,2015,137081.973
2028,27990,ford,2015,30780.17
2029,19700,ford,2015,116441.721
2030,15300,ford,2015,95970.414
2031,22000,ford,2014,110084.562
2032,23999,ford,2015,13515.6
2033,16488,ford,2015,72540.156
2034,12784,ford,2015,107862.533
2035,23400,ford,2015,103193.215
2036,9705,ford,2017,116454.593
2037,25999,ford,2015,63341.503
2038,34977,ford,2015,74882.86
2039,19000,ford,2015,65449.293
2040,15995,ford,2015,111725.742
2041,13487,ford,2015,154859.814
2042,18707,ford,2015,112177.871
2043,15290,ford,2015,122176.197
2044,15600,ford,2015,87408.925
2045,47000,ford,2019,40067.318
2046,16080,ford,2015,51154.937
2047,50000,ford,2019,26556.545
2048,15268,ford,2015,119646.849
2049,47500,ford,2019,44839.612
2050,18497,ford,2015,54723.699
2051,10000,ford,2019,32168.737
2052,19995,ford,2015,77417.035
2053,49000,ford,2019,36271.687
2054,17150,ford,2015,107949.419
2055,45000,ford,2019,46323.11
2056,14295,ford,2015,95560.119
2057,49000,ford,2019,29684.441
2058,16190,ford,2015,115564.816
2059,49000,ford,2019,31060.136
2060,17899,ford,2015,63006.831
2061,26000,ford,2019,30101.172
2062,14000,ford,2015,127802.87
2063,15500,ford,2019,19940.337
2064,16888,ford,2015,90633.361
2065,28000,ford,2019,19557.395
2066,8305,ford,2014,101835.219
2067,21822,ford,2015,57989.969
2068,15500,ford,2019,41528.29
2069,12500,ford,2015,209794.292
2070,15995,ford,2015,38419.702
2071,16000,ford,2019,24875.14
2072,38200,ford,2018,75156.39
2073,12995,ford,2015,105135.278
2074,14488,ford,2015,103074.149
2075,17500,ford,2016,149900.876
2076,21995,ford,2015,57327.061
2077,8500,ford,2015,190639.147
2078,16593,ford,2015,115160.957
2079,13000,ford,2017,54158.94
2080,14247,ford,2015,98419.312
2081,23500,ford,2017,67965.769
2082,16999,ford,2015,33795.436
2083,25000,ford,2017,72409.827
2084,20159,ford,2015,72852.302
2085,31000,ford,2017,1.609
2086,22500,ford,2018,39817.923
2087,29500,ford,2017,78369.563
2088,59900,ford,2020,3478.658
2089,24000,ford,2017,81856.266
2090,20500,ford,2017,113799.743
2091,27200,ford,2019,47275.638
2092,24900,ford,2018,53409.146
2093,24500,ford,2017,83803.156
2094,34000,ford,2018,82255.298
2095,28000,ford,2017,64820.174
2096,27000,ford,2017,89170.78
2097,34000,ford,2018,16543.738
2098,42500,ford,2017,137212.302
2099,33000,ford,2018,11678.122
2100,10200,ford,2018,150200.15
2101,25600,ford,2019,59800.094
2102,16300,ford,2018,111793.31999999999
2103,26500,ford,2016,55798.511
2104,36500,ford,2018,38858.959
2105,25900,ford,2019,52768.764
2106,22500,ford,2016,109378.211
2107,29000,ford,2018,30072.21
2108,825,ford,2012,125617.848
2109,10500,ford,2016,87289.859
2110,32000,ford,2018,51909.558
2111,27700,ford,2015,148604.022
2112,4000,ford,2015,146000.66
2113,38800,ford,2018,56677.025
2114,26200,ford,2015,207662.367
2115,19500,ford,2018,80425.865
2116,11700,ford,2015,84215.06
2117,34000,ford,2018,34442.254
2118,38600,ford,2019,26739.971
2119,21500,ford,2015,66440.437
2120,38500,ford,2018,59618.277
2121,38500,ford,2018,55561.988
2122,12000,ford,2017,21444.752
2123,30500,ford,2018,91449.124
2124,11300,ford,2016,77360.72
2125,29500,ford,2018,19744.039
2126,16100,ford,2014,156584.662
2127,32500,ford,2018,20461.653
2128,29000,ford,2019,20537.275999999998
2129,30000,ford,2018,32101.159
2130,26000,ford,2019,52224.922
2131,26000,ford,2018,34780.144
2132,18500,ford,2019,28567.795
2133,12000,ford,2017,118818.21399999999
2134,30000,ford,2018,25375.539
2135,14700,ford,2019,46931.312
2136,25000,ford,2017,256123.838
2137,26550,ford,2018,24611.264
2138,27000,ford,2019,49035.884
2139,34000,ford,2016,211992.186
2140,27500,ford,2018,41986.855
2141,25500,ford,2018,35570.163
2142,13500,ford,2019,50212.063
2143,4000,ford,2015,181511.29
2144,25700,ford,2018,30664.322
2145,29000,ford,2015,175601.433
2146,30500,ford,2018,38709.322
2147,30000,ford,2018,11209.903
2148,9000,ford,2014,190409.06
2149,19000,ford,2018,58157.305
2150,25800,ford,2019,54612.678
2151,26500,ford,2018,62538.612
2152,29300,ford,2019,58229.71
2153,6300,ford,2018,59817.793
2154,25400,ford,2019,63180.603
2155,26000,ford,2018,53660.15
2156,7000,ford,2017,93143.401
2157,25900,ford,2018,54836.329
2158,9700,ford,2019,43154.989
2159,27000,ford,2018,65288.393
2160,9100,ford,2019,84239.19499999999
2161,28000,ford,2018,49267.58
2162,25700,ford,2019,35428.570999999996
2163,27500,ford,2018,59117.878
2164,9400,ford,2019,52249.057
2165,25500,ford,2018,69840.254
2166,20500,ford,2019,55825.864
2167,21500,ford,2018,70022.071
2168,12800,ford,2019,60685.044
2169,23900,ford,2018,66977.843
2170,9400,ford,2019,48247.474
2171,26900,ford,2018,66767.064
2172,25500,ford,2019,33166.317
2173,27000,ford,2018,53861.275
2174,9300,ford,2019,51978.745
2175,14400,ford,2018,61380.132
2176,19000,ford,2019,64321.384
2177,14000,ford,2018,81275.417
2178,13600,ford,2019,50535.472
2179,19200,ford,2018,66533.759
2180,13600,ford,2019,51549.142
2181,18600,ford,2018,61590.911
2182,13700,ford,2019,49027.839
2183,18200,ford,2018,66884.521
2184,13800,ford,2019,50107.478
2185,22000,ford,2018,50841.182
2186,13700,ford,2019,50490.42
2187,28000,ford,2018,35686.011
2188,13800,ford,2019,47088.994
2189,18600,ford,2018,67829.004
2190,13700,ford,2019,49677.875
2191,13700,ford,2019,49249.881
2192,13800,ford,2019,47478.372
2193,17700,ford,2019,20654.733
2194,13900,ford,2019,47679.497
2195,13900,ford,2019,44184.748999999996
2196,50500,ford,2018,120612.249
2197,13600,ford,2019,51735.786
2198,55000,ford,2018,59927.205
2199,13800,ford,2019,47216.105
2200,56000,ford,2018,40821.939
2201,13800,ford,2019,48356.886
2202,45800,ford,2018,17977.357
2203,13800,ford,2019,49721.318
2204,5500,nissan,2018,50250.679
2205,14400,nissan,2020,17261.352
2206,11450,nissan,2018,56916.765999999996
2207,11000,nissan,2018,59074.435
2208,11450,nissan,2018,53800.133
2209,11000,nissan,2018,59191.892
2210,11200,nissan,2018,57105.019
2211,11400,nissan,2018,54133.195999999996
2212,11450,nissan,2018,57652.079
2213,11050,nissan,2018,56395.45
2214,11400,nissan,2018,56192.716
2215,11050,nissan,2018,56253.858
2216,10850,nissan,2018,64335.865
2217,10900,nissan,2018,62454.943999999996
2218,10450,nissan,2018,66900.611
2219,10800,nissan,2018,65092.095
2220,10850,nissan,2018,64353.564
2221,10800,nissan,2018,66092.893
2222,10850,nissan,2018,63045.447
2223,10800,nissan,2018,65129.102
2224,10900,nissan,2018,62438.854
2225,10400,nissan,2018,72937.579
2226,10500,nissan,2018,70041.379
2227,10800,nissan,2018,66022.097
2228,10800,nissan,2018,64894.188
2229,11200,nissan,2019,35911.271
2230,11100,nissan,2019,35888.745
2231,12200,nissan,2019,59526.564
2232,4000,nissan,2019,1.609
2233,9000,nissan,2019,44426.099
2234,14900,nissan,2019,42664.244
2235,4600,nissan,2019,50517.773
2236,6400,nissan,2019,29444.7
2237,10400,nissan,2019,43029.487
2238,7800,nissan,2019,25473.688
2239,12300,nissan,2019,51389.851
2240,10900,nissan,2019,49938.533
2241,8500,nissan,2019,36236.289
2242,7300,nissan,2019,50418.015
2243,5900,nissan,2019,45558.835
2244,20000,nissan,2017,134250.133
2245,11200,nissan,2018,67980.25
2246,14400,nissan,2018,73582.788
2247,16500,nissan,2018,79138.665
2248,13400,nissan,2017,73734.034
2249,12500,nissan,2017,59281.996
2250,6500,nissan,2013,167887.887
2251,19800,nissan,2018,54928.042
2252,8800,nissan,2018,55930.449
2253,12800,nissan,2018,52543.504
2254,8800,nissan,2018,56052.733
2255,3500,nissan,2019,48429.291
2256,750,nissan,2018,59674.592
2257,10800,nissan,2017,67141.961
2258,22300,nissan,2017,27666.755
2259,8300,nissan,2018,69289.976
2260,8300,nissan,2018,76443.59
2261,8000,nissan,2018,84586.739
2262,15200,nissan,2018,19515.561
2263,6700,nissan,2017,100208.52
2264,7500,nissan,2017,120448.131
2265,10500,nissan,2017,95748.372
2266,8400,nissan,2017,94173.161
2267,7000,nissan,2015,39253.164
2268,25500,nissan,2020,16600.053
2269,4100,nissan,2017,60528.971
2270,13900,nissan,2020,24392.44
2271,1900,nissan,2015,147863.882
2272,14700,nissan,2017,50197.582
2273,1900,nissan,2013,231720.135
2274,18800,nissan,2017,25134.189
2275,7800,nissan,2018,88197.335
2276,13500,nissan,2016,85294.699
2277,8000,nissan,2018,90514.295
2278,3300,nissan,2013,161262.025
2279,7200,nissan,2017,87074.253
2280,8000,nissan,2017,87077.471
2281,1280,nissan,2012,260941.184
2282,14000,nissan,2018,60586.895
2283,3500,nissan,2015,162795.402
2284,600,nissan,2012,331682.478
2285,12500,nissan,2018,69487.883
2286,5800,nissan,2013,169894.31
2287,8000,nissan,2018,86729.927
2288,2200,nissan,2015,118071.63799999999
2289,8300,nissan,2018,78803.993
2290,7500,nissan,2016,124703.936
2291,8000,nissan,2018,81851.439
2292,3500,nissan,2012,173344.006
2293,8000,nissan,2018,85434.682
2294,2000,nissan,2012,257423.91
2295,7800,nissan,2018,82947.168
2296,8000,nissan,2018,87999.428
2297,18500,nissan,2019,29945.099
2298,8000,nissan,2018,83111.286
2299,18300,nissan,2019,38690.014
2300,7500,nissan,2018,104881.056
2301,29800,nissan,2019,60173.382
2302,21100,nissan,2020,31531.573
2303,16200,nissan,2019,54902.298
2304,6998,nissan,2015,70234.459
2305,14700,nissan,2020,24757.683
2306,19000,nissan,2020,424.776
2307,7500,nissan,2016,93524.734
2308,7998,nissan,2015,101239.889
2309,10999,nissan,2015,69635.911
2310,2900,nissan,2012,189610.99599999998
2311,8495,nissan,2015,72474.187
2312,19925,nissan,2016,68924.733
2313,9500,nissan,2018,68836.238
2314,12750,nissan,2015,39628.061
2315,22800,nissan,2015,57766.318
2316,11621,nissan,2015,20659.56
2317,11590,nissan,2015,102868.197
2318,4700,nissan,2012,161027.111
2319,11390,nissan,2015,61066.377
2320,14500,nissan,2017,13961.293
2321,12000,nissan,2020,18637.047
2322,15000,nissan,2020,23040.88
2323,7500,nissan,2016,31734.307
2324,28000,nissan,2018,47552.386
2325,17500,nissan,2018,63248.181
2326,18000,nissan,2018,56236.159
2327,13200,nissan,2018,57714.83
2328,17000,nissan,2018,71476.607
2329,6700,nissan,2012,149608.038
2330,23300,nissan,2018,59281.996
2331,26800,nissan,2018,54070.445
2332,18200,nissan,2018,45066.481
2333,18700,nissan,2018,66557.894
2334,12900,nissan,2016,158251.586
2335,16000,nissan,2018,63713.182
2336,19400,nissan,2020,33803.481
2337,10900,nissan,2018,46467.92
2338,15800,nissan,2018,46059.234
2339,19800,nissan,2020,23893.65
2340,19000,nissan,2018,66123.46399999999
2341,18000,nissan,2020,20511.532
2342,19800,nissan,2020,23380.379
2343,19700,nissan,2020,25632.979
2344,20100,nissan,2020,17497.875
2345,19700,nissan,2019,50155.748
2346,23400,nissan,2019,26143.032
2347,23300,nissan,2019,29182.433
2348,17500,nissan,2019,41293.376
2349,17100,nissan,2019,49920.834
2350,15800,nissan,2019,66430.783
2351,13600,nissan,2019,70171.708
2352,14400,nissan,2019,47537.905
2353,19800,nissan,2019,39103.527
2354,17200,nissan,2019,47724.549
2355,20300,nissan,2019,30340.913
2356,20500,nissan,2019,23282.23
2357,16500,nissan,2019,68163.67599999999
2358,16000,nissan,2019,59706.772
2359,14600,nissan,2019,42529.087999999996
2360,16300,nissan,2019,38895.966
2361,15400,nissan,2019,49486.404
2362,15800,nissan,2019,52249.057
2363,15800,nissan,2019,36921.723
2364,21400,nissan,2018,27557.343
2365,15300,nissan,2019,33455.937
2366,20100,nissan,2019,52323.070999999996
2367,11300,nissan,2019,43330.37
2368,10700,nissan,2019,65709.951
2369,16000,nissan,2018,71973.788
2370,16600,nissan,2019,31040.828
2371,15800,nissan,2019,38865.395
2372,11600,nissan,2019,53690.721
2373,15000,nissan,2017,46529.062
2374,17600,nissan,2019,34791.407
2375,36300,nissan,2017,26104.416
2376,15600,nissan,2019,42487.254
2377,14000,nissan,2017,44714.11
2378,16600,nissan,2019,30863.838
2379,12600,nissan,2017,19045.733
2380,20900,nissan,2019,35034.366
2381,12700,nissan,2017,28540.442
2382,15600,nissan,2019,43774.454
2383,18900,nissan,2019,32997.372
2384,15700,nissan,2019,40204.083
2385,21900,nissan,2019,34228.257
2386,21700,nissan,2019,38395.567
2387,14600,nissan,2016,50789.694
2388,12000,nissan,2019,40644.949
2389,21000,nissan,2019,33190.452
2390,12500,nissan,2017,78462.885
2391,15900,nissan,2019,49307.805
2392,11800,nissan,2017,96794.222
2393,9900,nissan,2019,64335.865
2394,10600,nissan,2018,63085.672
2395,10100,nissan,2018,72533.72
2396,13300,nissan,2018,63148.423
2397,10100,nissan,2018,74628.638
2398,10300,nissan,2018,64187.837
2399,10300,nissan,2018,66295.627
2400,10300,nissan,2018,65402.632
2401,24000,nissan,2018,50765.559
2402,10400,nissan,2018,62366.449
2403,10200,nissan,2018,68926.342
2404,9500,nissan,2018,66865.213
2405,10500,nissan,2018,66187.824
2406,10500,nissan,2018,66195.869
2407,3500,nissan,2016,186187.044
2408,9300,nissan,2018,84086.34
2409,14100,nissan,2016,35463.969
2410,2425,nissan,2012,260394.124
2411,925,nissan,2012,134705.48
2412,11000,nissan,2016,60506.445
2413,11000,nissan,2016,102554.442
2414,2100,nissan,2013,250527.736
2415,800,nissan,2012,377780.328
2416,20400,nissan,2018,38846.087
2417,375,nissan,2017,1.609
2418,3000,nissan,2015,213441.895
2419,15100,nissan,2017,45179.111
2420,4000,nissan,2015,120523.754
2421,19500,nissan,2017,85526.395
2422,22600,nissan,2017,151661.122
2423,6500,nissan,2014,105582.58
2424,11800,nissan,2012,149440.702
2425,20500,nissan,2017,41702.062
2426,14200,nissan,2018,60868.47
2427,22000,nissan,2018,22324.875
2428,16200,nissan,2018,9692.616
2429,4800,nissan,2016,123553.501
2430,16000,nissan,2018,48928.081
2431,14300,nissan,2018,72186.17599999999
2432,16800,nissan,2019,68216.773
2433,11900,nissan,2018,26995.802
2434,3000,nissan,2015,160525.103
2435,15000,nissan,2019,55819.428
2436,15200,nissan,2019,49430.089
2437,18000,nissan,2017,85881.984
2438,22700,nissan,2016,34242.738
2439,3800,nissan,2015,131453.691
2440,5475,nissan,2018,53174.231999999996
2441,11400,nissan,2018,16688.548
2442,28100,nissan,2018,14302.401
2443,3500,nissan,2017,205598.02
2444,15200,nissan,2016,95960.76
2445,1950,nissan,2015,135115.775
2446,13400,nissan,2016,74300.402
2447,12500,nissan,2018,55446.14
2448,16500,nissan,2018,49225.746
2449,16500,nissan,2018,64065.553
2450,16500,nissan,2018,65034.171
2451,13900,nissan,2018,57108.237
2452,13900,nissan,2018,59650.457
2453,1500,nissan,2013,158299.856
2454,16500,nissan,2018,55735.76
2455,13900,nissan,2018,62364.84
2456,16500,nissan,2018,56059.169
2457,13900,nissan,2018,56419.585
2458,12400,nissan,2018,60725.269
2459,13000,nissan,2018,44228.192
2460,16500,nissan,2018,60260.268
2461,13900,nissan,2018,64033.373
2462,16500,nissan,2018,59072.826
2463,13900,nissan,2018,58257.063
2464,13900,nissan,2018,62047.867
2465,13900,nissan,2018,64174.965
2466,12100,nissan,2018,67339.868
2467,16500,nissan,2018,63481.486
2468,16500,nissan,2018,64686.627
2469,13900,nissan,2018,55586.123
2470,3700,nissan,2015,122055.522
2471,18800,nissan,2019,50076.907
2472,9200,nissan,2018,54397.072
2473,30100,nissan,2019,49233.791
2474,9200,nissan,2018,54594.979
2475,11100,nissan,2019,64937.631
2476,13900,nissan,2018,71299.617
2477,9100,nissan,2018,53222.502
2478,22800,nissan,2019,39130.88
2479,13900,nissan,2018,68385.718
2480,12600,nissan,2019,53896.673
2481,9200,nissan,2018,63679.393
2482,12100,nissan,2019,59491.166
2483,9200,nissan,2018,66322.98
2484,2300,nissan,2019,1.609
2485,13900,nissan,2018,66836.251
2486,9500,nissan,2019,31610.414
2487,13900,nissan,2018,64237.716
2488,1700,nissan,2019,53545.911
2489,13900,nissan,2018,64776.731
2490,10400,nissan,2019,40649.776
2491,9200,nissan,2018,57404.293
2492,7400,nissan,2019,57137.199
2493,9200,nissan,2018,53140.443
2494,7800,nissan,2019,37986.881
2495,9200,nissan,2018,55595.777
2496,9200,nissan,2018,50834.746
2497,9200,nissan,2018,52384.212999999996
2498,9200,nissan,2018,50475.939
